grk_tws	eng_tws	asm_tws	ben_tws	guj_tws	hin_tws	kan_tws	mal_tws	mar_tws	pun_tws	odi_tws	tam_tws	tel_tws	urd_tws	heb_tws
G946	abomination, abominations, abominable, foul, disgusting thing				घृणा, घिनौने, घिनौना									
G5206	adoption, adopt, adopted				लेपालक, गोद लेना, दत्तक									
G3428,G3429,G3430,G3431,G3432	adultery, adulterous, adulterer, adulteress, adulterers, adulteresses				व्यभिचार, व्यभिचारी, व्यभिचारी, व्यभिचारिणी, व्यभिचारी,व्यभिचारिणियों									
G3841	Almighty				सर्वशक्तिमान									
G1041,G2379	altar, altars				वेदी, वेदियों									
G281	amen, truly				आमीन, सच में									
G32,G743,G2465	angel, angels, archangel				स्वर्गदूत, स्वर्गदूतों, प्रधान स्वर्गदूत									
G32,G743,G218,G1472,G2025,G3462,G5545,G5548	anoint, anointed, anointing, sons of fresh olive oil				अभिषेक करना, अभिषिक्त, अभिषेक									
G500	antichrist, antichrists				मसीह का विरोधी, मसीह के विरोधी									
G651, G652, G2491, G5376, G5570	apostle, apostles, apostleship				प्रेरित, प्रेरितों, प्रेरिताई									
G322,G606,G1299,G1303,G1935,G2525,G2749,G4287,G4384,G4929,G5021,G5087	appoint, appoints, appointed, appointment, ordered, desired, directed, selected, reserved				ठहराए, नियुक्त करना, निुयक्त किया									
G2787	ark				जहाज़									
	ark of the covenant, ark of Yahweh				वाचा का सन्दूक, यहोवा का सन्दूक									
G2643	atonement, atone, atones, atoned				प्रायश्चित, प्रायश्चित करना, प्रायश्चित किया जाए, प्रायश्चित किया									
G2435	atonement lid				प्रायश्चित का ढकना									
G831,G1413,G1849,G1850,G2003,G2715,G5247	authority, authorities				अधिकारी, अधिकारियों									
G907	baptize, baptized, baptism				बपतिस्मा देना, बपतिस्मा लिया, बपतिस्मा									
G544,G569,G571,G3982,G4100,G4102,G4103,G4135	believe, believes, believed, believer, belief, unbeliever, unbelievers, unbelief				विश्वास, विश्वास करे, विश्वास किया, विश्वास									
G4100, G4103	believer				विश्वासी									
G25,G27,G5207	beloved, treasured				प्रिय									
G4415	birthright				पहिलौठे का अधिकार									
G273,G274,G298,G338,G410,G423	blameless				निर्दोष									
G987,G988,G989	blasphemy, blaspheme, blasphemes, blasphemed, blasphemous, blasphemies				निन्दा, निन्दा, निन्दा की, निन्दा करना, निन्दक									
G1757,G2127,G2128,G2129,G3106,G3107,G3108,G6050	bless, blessed, blessing, blessings				आशीष, धन्य, आशीर्वाद									
G129,G130,G131,G1420	blood				लहू									
G212,G213,G2620,G2744,G2745,G2746,G3166	boast, boasts, boastful				घमण्ड, घमण्ड करना, घमण्डी									
G4430,G4954,G4983,G5559	body, bodies				देह, शरीरों									
G254,G331,G332,G1195,G1196,G1198,G1199,G1210,G1397,G1398,G1401,G1402,G2611,G2615,G3734,G3784,G3814,G4019,G4029,G4385,G4886,G4887,G5265	bind, binding, bond, bonds, bound, is bound, tie, tying, tie up, tied, tied up, put on, puts on, gird up, fetters, chains				बांधना, बन्धन, बाँधा									
G313, G509, G1080, G3824	born again, born of God, new birth				नए सिरे से जन्म लेना, परमेश्‍वर से जन्मा है, नए जन्म									
G80,G81,G2385,G2455,G2500,G4613,G5360,G5569	brother, brothers				भाई, भाइयों									
G154,G363,G1458,G1528,G1941,G1951,G2028,G2046,G2564,G2821,G2822,G2840,G2919,G3004,G3106,G3333,G3343,G3603,G3686,G3687,G4316,G4341,G4377,G4779,G4867,G5455,G5537,G5581	call, calls, calling, called, invite				बुलाना, पुकारे, पुकारना, कहलाता									
G1543, G2760	centurion, centurions				सूबेदार, सूबेदारों									
G730,G815,G1025,G1064,G1471,G3439,G3515,G3516,G3808,G3812,G3813,G3816,G5040,G5041,G5042,G5043,G5044,G5206,G5207,G5388	children, child				बच्चे, बालक									
G3323,G5547	Christ, Messiah				मसीह, मसीहा									
G5546	Christian				मसीही									
G1577	church, churches, Church				कलीसिया, कलीसियाओं, कलीसिया									
G203,G1986,G4059,G4061	circumcise, circumcised, circumcision, uncircumcised, uncircumcision				खतना करना, खतना किया, खतना									
G2511,G2512,G2513,G3689	clean, cleans, cleaned, cleanse, cleansed, cleansing, wash, washing, washed, washes, unclean				शुद्ध, शुद्ध करेगा, शुद्ध किया, शुद्ध करना, शुद्ध, शुद्ध होने, धुलाई, धुलाई, धोया, धोया									
G1263,G1291,G1296,G1297,G1299,G1690,G1778,G1781,G1785,G2003,G2004,G2008,G2036,G2753,G3056,G3726,G3852,G3853,G4367,G4483,G4487,G5506	command, commands, commanded, commandment, commandments				आज्ञा, आज्ञाएँ, आज्ञा दी, आज्ञा, आज्ञाएं									
G1653,G3356,G3627,G4697,G4834,G4835	compassion, compassionate, deal gently with				तरस, दयालु									
G176,G843,G2607,G2613,G2631,G2632,G2633,G2917,G2919,G2920,G5272,G6048	condemn, condemns, condemned, condemnation, sentence of condemnation, sentenced to death				दोष लगाना, दोषी, निन्दा, दण्ड की आज्ञा									
G1843,G3670,G3671	confess, confessed, confesses, confession				मान लेगा, मानकर, मान लेगा, अंगीकार									
G4893	conscience, consciences				विवेक, विवेक									
G1457,G5048	consecrate, consecrated, consecration				पवित्र करना, पवित्र ठहरेगा, संस्कार									
G204,G1137,G2776,G3037	cornerstone, cornerstones				कोने का पत्थर, प्रधान									
G802,G1242,G4934	covenant, covenants, new covenant, agreed				वाचा, वाचाओं									
	covenant faithfulness, covenant loyalty, loving kindness, unfailing love, steadfast love				करुणा									
G4716	cross				क्रूस									
G388, G4362, G4717, G4957	crucify, crucified, nailing to a cross				क्रूस पर चढ़ा, क्रूस पर चढ़ाया									
G331,G332,G685,G1944,G2551,G2652,G2653,G2671,G2672,G6035	curse, cursed, curses, cursing, speaks evil				श्राप, श्रापित, श्राप दे, कोसता है									
	daughter of Zion				सिय्योन की बेटी									
G2250,G2962	day of the Lord, day of Yahweh				प्रभु का दिन, यहोवा का दिन									
G1249	deacon, deacons				सेवक, सेवकों									
G169,G1139,G1140,G1141,G1142,G4190,G4151,G4152,G4189	demon, evil spirit, unclean spirit, demonic				दुष्टात्मा, दुष्ट आत्मा, अशुद्ध आत्मा									
G1139	demon-possessed, possessed by a demon, possessed by demons				दुष्टात्माएँ थीं									
G3100,G3101,G3102	disciple, disciples				चेला, चेले									
	discipline, disciplines, disciplined, self-discipline, no discipline				ताड़ना, ताड़ना देता, ताड़ना करते, आत्म संयम									
G2304, G2999	divine, divine nature				ईश्वरीय									
G2634,G2904,G2961,G2963	dominion, subjugate, control				प्रभुता									
G138,G140,G1586,G1588,G1589,G1951,G4400,G4401,G4758,G4899,G5500	elect, choose, chose, chosen, chosen one, chosen ones, chosen people, Chosen One				चुना हुआ, चुने हुए, चुनना, चुने लोग, चुना हुआ, चुनना।									
	ephod				एपोद									
G126,G165,G166	eternity, everlasting, eternal, forever				सनातन, अनन्त, अनंत काल									
G2134,G2135	eunuch, eunuchs				खोजे, खोजों									
G2099	evangelist, evangelists				सुसमाचार प्रचारक, सुसमाचार सुनानेवाले									
G92,G113,G459,G932,G987,G988,G1426,G2549,G2551,G2554,G2555,G2556,G2557,G2559,G2560,G2635,G2636,G4151,G4189,G4190,G4191,G5337	evil, wicked, wickedness, wickedly				बुराई, दुष्ट, दुष्टता									
G1869,G5229,G5251,G5311,G5312	exalt, exalted, exalts, exaltation, high position				ऊँचा, ऊँचा किया, बढ़ाता, आनन्द									
G3867, G3870, G3874, G4389	exhort, exhortation, urge				समझा, उपदेश									
G1680,G3640,G4102,G6066	faith				विश्वास									
G4103	faithful, faithfulness, unfaithful, unfaithfulness, breach of faith, show self faithful, faithful one, faithful people				विश्वासयोग्य, विश्वासयोग्यता									
G571	faithless, faithlessness				भटकनेवाली, विश्वासघात									
G2299	god, false god, gods, goddess, idol, idols, idolater, idolaters, idolatrous, idolatry, disgusting figure, goat idols				देव, देवों, देवी									
G1184,G3685,G4380,G5485,G5486	favor, favors, favorable, favoritism				अनुग्रह, पक्ष, पक्षपात, पक्ष									
G870,G1167,G1168,G1169,G1630,G1719,G2124,G2125,G2962,G5398,G5399,G5400,G5401	fear, fears, afraid				डर, भय, डरना									
G2842,G2844,G3352,G4790	fellowship, be participants with, associate with, be allied with				सहभागिता									
G40, G4130, G4137, G4151	filled with the Holy Spirit				पवित्र आत्मा से भर गए									
G2907,G4559,G4560,G4561	flesh, meat, humans, living creatures				माँस									
G453,G454,G781,G801,G877,G878,G3471,G3472,G3473,G3474,G3912	fool, fools, foolish, folly, out of mind, unwise, stupid, doing what is repulsive, blame				मूर्ख, मुर्ख लोग, मूर्ख, मूर्खता									
G165,G166,G1336	forever				सर्वदा									
G859,G863,G5483	forgive, forgives, forgiven, forgiveness, pardon, pardoned				क्षमा कर, क्षमा करता, क्षमा किया, क्षमा									
G646,G657,G863,G1459,G2641,	forsake, forsakes, forsaken, forsook, abandon, abandoned, give up, has left, have left				छोड़ना, छोड़ देता, छोड़ दिया, त्याग कर									
G1096,G4138	fulfill, fulfilled, carried out				पूरा कर, पूरा हुआ									
G1482,G1484,G1672	Gentile, Gentiles				अन्यजाति, अन्यजातियों									
G334,G1390,G1394,G1431,G1434,G1435,G3311,G5486	gift, gifts				दान, भेंटों									
G1392,G1740,G4888	glorify				महिमा करे, महिमा होती है									
G1391,G1741,G2620,G2744,G2745,G2746,G2755,G2811	glory, glorious, glorify, glorified, glorifies				महिमा, महिमामय									
G112,G516,G932,G935,G1096,G1140,G2098,G2124,G2128,G2150,G2152,G2153,G2299,G2304,G2305,G2312,G2313,G2314,G2315,G2316,G2317,G2318,G2319,G2320,G3361,G3785,G4151,G5207,G5377,G5463,G5537,G5538	God				परमेश्‍वर									
G516,G2124,G2150,G2152,G2153,G2316,G2317	godly, godliness, ungodly, godless, ungodliness, godlessness, godless actions, godly life				धर्मी, भक्ति									
G3962	God the Father, heavenly Father, Father				परमेश्वर पिता, स्वर्गीय पिता, पिता									
G14,G15,G18,G19,G515,G744,G865,G979,G1380,G2095,G2097,G2106,G2107,G2108,G2109,G2114,G2115,G2133,G2140,G2162,G2163,G2174,G2293,G2565,G2567,G2570,G2573,G2887,G2986,G3140,G3617,G3776,G4147,G4632,G4674,G4851,G5223,G5224,G5358,G5542,G5543,G5544	good, goodness, pleasing				अच्छा, भलाई									
G2097, G2098, G4283	good news, gospel				शुभ समाचार, सुसमाचार									
G2143,G5485,G5543	grace, gracious, kind				अनुग्रह, अनुग्रहकारी									
G338,G1777,G3784,G5267	guilt, guilty, held accountable				दोष, दोषी ठहरा									
G86	Hades, Sheol				अधोलोक, अथाह-कुण्ड									
G674,G1282,G1271,G2133,G2588,G2589,G4641,G4698,G5590	heart, hearts, inner self, myself				हृदय, मन									
G932,G2032,G3321,G3770,G3771,G3772	heaven, sky, skies, heavens, heavenly, overhead, in midair				स्वर्ग, आकाश, आकाशमण्डल, स्वर्गीय									
G1444,G1445,G1446,G1447	Hebrew, Hebrews				इब्रानी, इब्रानियों									
G86,G439,G440,G1067,G3041,G4442,G4443,G4447,G4448,G5020,G5394,G5457	hell, lake of fire, handed down to Tartarus				नरक, आग की झील									
G748,G749	high priest				महायाजक									
G37,G38,G39,G40,G41,G42,G1859,G2150,G2412,G2413,G3741,G3742,	holy, holiness, unholy, sacred				पवित्र, पवित्रता									
G40,G3741	Holy One				पवित्र									
G39,G40,G3485,G5117	holy place				पवित्रस्‍थान									
G40,G4151	Holy Spirit, Spirit of God, Spirit of the Lord, Spirit				पवित्र आत्मा, परमेश्वर की आत्मा, प्रभु की आत्मा, आत्मा									
G820,G1391,G1392,G1784,G2151,G2570,G3170,G4411,G4586,G5091,G5092,G5093,G5399	honor, honors				आदर, आदर करते हैं, आदर करना									
G91,G560,G1679,G1680,G2070	hope, hoped, hopes				आशा, आशा, आशाएं									
G2316,G3624	house of God, Yahwehs house				परमेश्‍वर के भवन,  यहोवा के भवन									
G858,G4236,G4239,G4240,G5011,G5012,G5013,G5391	humble, humbles, humbled, humility				दीन, विनम्र, नम्र बनाया, नम्रता									
G505,G5272,G5273	hypocrite, hypocrites, hypocrisy				कपटी, कपटियों, कपट									
G504,G179	image of God				परमेश्‍वर का प्रतिरूप, स्वरूप									
G1519, G2962, G5547	in Christ, in Jesus, in the Lord, in him				मसीह में, यीशु में, प्रभु में, उसमें									
G2816,G2817,G2819,G2820	inherit, inheritance, heritage				अधिकारी होना, वंश, भाग, वारिस									
G92,G93,G458,G3892,G4189	iniquity, iniquities				अधर्म, अधर्मों									
G121	innocent, innocence, guiltless				निर्दोष									
G1783,G1793,G5241	intercede, intercededs, intercession				प्रार्थना किया, मध्यस्थता की, मध्यस्थता									
G935,G2474,G2475	Israel, Israelites				इस्राएल, इस्राएली									
G2205,G3863	jealous, jealousy				जलन, ईर्ष्या									
G2424, G5547	Jesus, Jesus Christ, Christ Jesus				यीशु, यीशु मसीह, मसीह यीशु									
G2450,G2451,G2452,G2453,G2454	Jew, Jewish, Jews				यहूदी, यहूदियों का, यहूदियों									
G144,G350,G968,G1106,G1252,G1341,G1345,G1348,G1349,G2917,G2919,G2920,G2922,G2923,G4232	judge, judges, judgment, judgments, decision				न्यायी, न्याय करता, न्याय, निर्णय									
G2250,G2920,G2962	judgment day, that day				दण्ड के दिन									
G1342,G1344,G1345,G1346,G1347,G1738	just, justice, unjust, unjustly, injustice, justly, justify, justification				सच्चा, न्याय, न्याय से									
G1344,G1345,G1347	justify				धर्मी ठहराएगा, धार्मिकता									
G932, G2316, G3772	kingdom of God, kingdom of heaven				परमेश्‍वर का राज्य, स्वर्ग का राज्य									
G935, G2453	King of the Jews, king of the Jews				यहूदियों का राजा, यहूदियों का राजा									
G721,G2316	lamb, Lamb of God				मेम्‍ना, परमेश्‍वर का मेम्‍ना									
G2354,G2355,G2870,G2875	lament, laments, lamentation, wail				विलाप, विलाप करना, विलाप किया									
G2078,G2250	last day, last days, latter days				आखरी दिन, अन्तिम दिनों, अन्त के दिनों									
G2316,G3551,G3565	law of Moses, Gods law, law of Yahweh, the law, expert in the law				व्यवस्था, मूसा की व्यवस्था, परमेश्वर की व्यवस्था, यहोवा की व्यवस्था									
G198,G222,G227,G806,G590	life, live, lived, lives, living, alive				जीवन, जीना, रहते थे, जीवन,जीवते, जीवित									
G203,G634,G962	lord, lords, Lord, master, masters, sir, sirs				प्रभु, प्रभुओं, गुरु, स्वामी, स्वामियों, श्रीमान, महोदय									
G1203,G2962	lordgod				प्रभु									
G1173, G2960	Lords Supper				प्रभु भोज									
G2316,G2962	Lord Yahweh, Yahweh God				प्रभु यहोवा, यहोवा परमेश्‍वर									
G25,G26,G5360,G5361,G5362,G5363,G5365,G5367,G5368,G5369,G5377,G5381,G5382,G5383,G5388	love, loves, loving, loved				प्रेम, प्रेम करता है, प्रिय, प्रेम किया									
G3168,G3172	majesty				महामहिमन्									
G3131	manna				मन्ना									
G1653,G1655,G1656,G2433,G2436,G3628,G3629,G3741,G4698	mercy, merciful				दया, दयालु									
G1247,G1248,G1249,G2023,G2038,G2418,G3008,G3009,G3010,G3011,G3930,G5256,G5257,G5524	to minister, ministry, offer as a priest, performs service, attending to needs				सेवा करना, सेवकाई									
G880,G1213,G1229,G1411,G1569,G1718,G1770,G1839,G2285,G2296,G2297,G3167,G3902,G4591,G4592,G5059,	miracle, miracles				चमत्कार, आश्चर्यकर्मों, अद्भुत, आश्चर्य के कामों, चिन्ह, चिन्हों									
G5310	Most High				परमप्रधान									
G3464,G4666,G4669	myrrh				गन्धरस									
G2564,G3686,G3687,G5122	name, names, named				नाम, नाम, नाम पर									
	Nazirite, Nazirites, Nazirite vow				नाज़ीर, नाज़ीरों, नाज़ीर शपथ									
	newcovenant				नई वाचा									
G3850,G3942	parable, parables				दृष्टान्त, दृष्टान्तों									
G3957	Passover				फसह									
G4166	pastor, pastors				रखवाला, रखवाले									
G4005	Pentecost, Festival of Weeks				पिन्तेकुस्त, सप्ताहों का पर्व									
G2316,G2992	people of God, my people				परमेश्‍वर की प्रजा, मेरी प्रजा									
G599,G622,G684,G853,G1311,G2704,G4881,G5356	perish, perished, perishing, perishable				नाश हो, नाश हुए, नाश हो रहे, नाशवान									
G5330	Pharisee, Pharisees				फरीसी, फरीसियों									
G1411,G1415,G1756,G1849,G1850,G2478,G2479,G2904,G3168	power, powers, powerful, powerfully, be mastered				सामर्थ्य, शक्तियाँ									
G154,G1162,G1189,G1783,G2065,G2171,G2172,G3870,G4335,G4336	pray, prayer, prayers, prayed				प्रार्थना कर, प्रार्थना, प्रार्थनाओं, प्रार्थना की									
G4309	predestine, predestined				पहले से ठहराना, पहले से ठहराया									
G748,G749,G2405,G2406,G2407,G2409,G2420	priest, priests, priesthood				याजक, याजकों, याजक पद									
G1843,G1860,G1861,G1862,G3670,G4279	promise, promises, promised				प्रतिज्ञा, प्रतिज्ञाएं, प्रतिज्ञा किया									
	Promised Land				प्रतिज्ञा का देश									
G2495,G4394,G4395,G4396,G4397,G4398,G5578	prophet, prophets, prophecy, prophesy, seer, prophetess				भविष्यद्वक्ता, भविष्यद्वक्ता, भविष्यवाणी, भविष्यद्वाणी, भविष्यद्वक्ता, भविष्यद्वक्तिन									
G2434, G2435	propitiation				प्रायश्चित									
G5567,G5568	psalm, psalms				भजन, भजन									
G48,G49,G53,G54,G1506,G2511,G2512,G2513,G2514	pure, purify, purity, purification, sincere				शुद्ध, शुद्धि, शुद्धिकरण									
G4461	Rabbi				रब्बी									
G487,G3083	ransom, ransomed				छुटकारे के लिये, छुड़ा लिया									
G604,G1259,G2433,G2643,G2644	reconcile, reconciles, reconciled, reconciliation				मेल करना, मेल-मिलाप, मेल मिलाप कर लिया, मिलाप									
G59,G629,G1805,G3084,G3085,	redeem, redeems, redemption, redeemer				छुड़ा ले, छुटकारा, छुटकारा, छुटकारा दिलानेवाला									
G2640,G3005,G3062	remnant				बचे हुए									
G278,G3338,G3340,G3341	repent, repents, repented, repentance				मन फिराकर, पश्चाताप, फिराया, फिराव									
G600,G2675	restore, restores, restored, restoration, bring back				ज्यों का त्यों करना, दृढ़ करना, पुनः स्थापन,  पुनः स्थापन									
G386, G1454, G1815	resurrection				जी उठने									
G601,G602,G5537	reveal, reveals, revealed, revelation				प्रकट करना, प्रकट करना, प्रगट किया, प्रकाशन									
G1341,G1342,G1343,G1344,G1345,G1346,G2118	righteous, righteousness, unrighteous, unrighteousness, upright, uprightness, do what is right				धर्मी, धार्मिक									
G1188	right hand, right hands				दाहिना हाथ									
G4315,G4521	Sabbath				सब्त									
G4523	Sadducee, Sadducees				सदूकी, सदूकियों									
G40	saint, saints, Gods holy people, holy ones, holy people				संत, पवित्र जन									
G4991,G4992	salvation				उद्धार									
G37,G38	sanctify, sanctifies, sanctification				पवित्र करना, पवित्र करना, पवित्रता									
G39	sanctuary				पवित्रस्थान									
G1139,G1140,G1141,G1142,G1228,G4190,G4566,G4567	Satan, devil, evil one				शैतान, शैतान, दुष्ट									
G803,G804,G806,G1295,G1508,G4982,G4991,G5198	save, saves, saved, safe, salvation				बचाना, बचाता है, उद्धार, सुरक्षा									
G4990	Savior, savior				उद्धारकर्ता, बचाने वाला									
G1122	scribe, scribes				शास्त्री, शास्त्रियों									
G37,G38,G40,G873	set apart				पृथक करना									
G364,G880,G1213,G1229,G1718,G1730,G1732,G1770,G3902,G4102,G4591,G4592,G4953,G4973,G5280	sign, signs, proof, remind, reminds, reminded, reminder, reminders, reminding				चिन्ह, प्रमाण, स्मरण कराने वाली बात									
G264,G265,G266,G268,G361,G3781,G3900,G4258	sin, sins, sinned, sinful, sinner, sinning				पाप, पापो, पाप करना, पापमय, पापी, पाप करते रहना									
G3816,G5043,G5207	son, sons				पुत्र, पुत्रों									
G2316,G5207	Son of God, Son				परमेश्वर का पुत्र, पुत्र									
G444,G5207	Son of Man, son of man				मनुष्य का पुत्र, मनुष्य का पुत्र									
G2316,G5043,G5207	sons of God, children of God				परमेश्वर की सन्तान									
G5590	soul, souls				प्राण, प्राण									
G4151,G4152,G4153,G5326,G5427	spirit, spirits, spiritual, ghost				आत्मा, आत्मा, आत्मिक									
G2642,G2991,G3034,G3035,G3036,G3037,G4074,G4348,G5586	stone, stones, stoning				पत्थर, पत्थर, पत्थर									
G656,G752,G4864	synagogue				आराधनालय									
G4633,G4634,G4636,G4638	tabernacle				निवासस्थान									
G1493,G2411,G3485	temple				मन्दिर									
G551,G1598,G3985,G3986,G3987	tempt, temptation				परीक्षा करने, परीक्षा									
G1242,G1263,G1303,G1957,G3140,G3141,G3142,G3143,G4303,G4828,G6020	test, tests, tested, testing, testing in the fire				परीक्षा, परीक्षण, परीक्षण									
G1263,G1957,G3140,G3141,G3142,G3143,G4303,G4828,G6020	testimony, testify, testified, witness, witnesses, eyewitness, eyewitnesses				गवाही, गवाही देना									
G5075, G5076	tetrarch				चौथाई देश के राजा									
G1427, G1733	the twelve, the eleven				बारहों, ग्यारहों									
G458,G459,G3845,G3847,G3848,G3928	transgress, transgresses, transgression				टालना, उल्लंघन, अपराध									
G264,G3900	trespass, trespasses, trespassed				अपराध, अपराधों, विश्वासघात किया									
G225,G226,G227,G228,G230,G1103,G3303,G3483,G3689,G4103,G4137	true, truth, truths, truly				सच्चा, सच्चाई, सत्य									
G1679,G3872,G3982,G4006,G4100,G4276	trust, trusts, trusted, trustworthy, trustworthiness				विश्वास, भरोसा, विश्वसनीय, भरोसेमंद, विश्वसनीयता									
G543, G544, G570, G571	unbeliever				अविश्वासी, अविश्वासियों, अविश्वास									
G203,G564	uncircumcised				खतनारहित, खतनाहीन									
G167,G169,G2839,G2840,G3394	unclean				अशुद्ध									
	unfaithful				विश्वासघाती, विश्वासघात किया									
G763,G764,G765	ungodly				अभक्त, अधर्मी, अभक्ति, अधर्मी									
G462,G2839	unholy				अपवित्र									
G91,G93,G94	unjust				अधर्मी, अन्याय से, अन्याय									
G111, G459	unlawful				उचित नहीं, अधर्म									
G106	unleavened bread				अख़मीरी रोटी									
G93,G94,G458	unrighteous				अधर्मी, अधर्म									
G3716,G3717	upright				सीधे, सिधाई									
G2171	vow, vows, vowed				मन्नत, मन्नतें, शपथ खाई									
G1012,G1013,G2307,G2308,G2309,G2596	will of God, his will, he wishes				परमेश्‍वर की इच्छा									
G4678,G4679,G4680,G4920,G5428,G5429,G5430	wise, wisdom				बुद्धिमान, बुद्धि									
G267,G1263,G2649,G3140,G3141,G3142,G3144,G4828,G4901,G5575,G5576,G5577	witness				साक्षी, गवाहों, गवाह, बातों के देखनेवाले									
G3759	woe				हाय									
G3056,G4487	word of God, words of God, word of Yahweh, word of the Lord, word of truth, scripture, scriptures				परमेश्‍वर के वचन, परमेश्वर के वचनों, यहोवा के वचन, प्रभु का वचन, पवित्रशास्त्र, पवित्रशास्त्र									
G3056,G4487	wordoftruth				सत्य का वचन									
G2041	works, deeds, work, acts				काम, कर्म, कार्य, कृत्य									
G1093,G2886,G2889,G3625	world, worldly				संसार, सांसारिक									
G1391,G1479,G2151,G2318,G2323,G2356,G3000,G3511,G4352,G4353,G4573,G4574,G4576	worship, worshiping				उपासना									
G514,G515,G516,G2425,G2661,G2735	worthy, worth, unworthy, worthless, value, valuation, full price				योग्य, मूल्यवान, अयोग्य, निकम्मा									
G2372,G3709,G3949,G3950	wrath, fury				क्रोध, रोष									
	Yahweh				यहोवा									
	Yahweh of hosts, God of hosts, host of heaven, host of the heavens, Lord of hosts				सेनाओं के यहोवा, सेनाओं के परमेश्‍वर, आकाश के गण, आकाश का सारा तारागण, सेनाओं का प्रभु									
G2205,G2206,G2207,G6041	zeal, zealous				धुन, उत्तेजित									
	Zion, Mount Zion				सिय्योन, सिय्योन पर्वत									
G2	Aaron				हारून									
G6	Abel				हाबिल									
G8	Abiathar				एब्यातार									
G7	Abijah				अबिय्याह									
	Abimelech				अबीमेलेक									
	Abner				अब्नेर									
G11	Abraham, Abram				अब्राहम, अब्राम									
	Absalom				अबशालोम									
G76	Adam				आदम									
G138	Adonijah				अदोनिय्याह									
	Ahab				आहाब									
	Ahasuerus				क्षयर्ष									
	Ahaz				अहाज									
	Ahaziah				अहज्याह									
	Ahijah				अहिय्याह									
	Ai				आई									
	Amalek, Amalekite, Amalekites				अमालेक, अमालेकी, अमालेकियों									
	Amaziah				अमस्याह									
	Ammon, Ammonite, Ammonites				अम्मोन, अम्मोनी, अम्मोनियों									
	Amnon				अम्नोन									
	Amorite, Amorites				एमोरी, एमोरियों									
	Amos				आमोस									
	Amoz				आमोस									
G406	Andrew				अन्द्रियास									
G452	Annas				हन्ना									
G491	Antioch				अन्ताकिया									
G625	Apollos				अप्पुल्लोस									
G207	Aquila				अक्विला									
	Arabah				अराबा									
G688,G690	Arabia, Arabian, Arabians				अरब, अरबी, अरबियों									
G689	Aram, Aramean, Arameans, Aramaic, Aram of Damascus				अराम, अरामी, अरामियों, अरामी भाषा									
	Ararat				अरारात									
	Artaxerxes				अर्तक्षत्र									
	Asa				आसा									
	Asaph				आसाप									
G108	Ashdod, Azotus				अश्दोद, अज़ोतस									
	Asher				अशेर									
	Asherah, Asherah pole, Asherah poles, Ashtoreth, Ashtoreths				अशेरा, अशेरा के लिए मूरत, अशेरा नामक मूर्तियों, अश्तोरेत									
	Ashkelon				अश्कलोन									
G773	Asia				आसिया									
	Assyria, Assyrian, Assyrians, Assyrian Empire				अश्शूर, अश्शूरी, अश्शूरियों, अश्शूर राज्य									
	Athaliah				अतल्याह									
	Azariah				अजर्याह									
G896	Baal				बाल									
	Baasha				बाशा									
	Babel				बाबेल									
G897	Babylon, Babylonia, Babylonian, Babylonians				बाबेल, बाबेल, बाबेल, बाबेली									
G903	Balaam				बिलाम									
G912	Barabbas				बरअब्बा									
G921	Barnabas				बरनबास									
G918	Bartholomew				बरतुल्मै									
G1263	Baruch				बारूक									
	Bashan				बाशान									
	Bathsheba				बतशेबा									
G954	Beelzebul				बालजबूल(शैतान)									
	Beersheba				बेर्शेबा									
	Benaiah				बनायाह									
G958	Benjamin, Benjamite, Benjamites				बिन्यामीन, बिन्यामीनी, बिन्यामीनियों									
G960	Berea				बिरीया									
G963	Bethany				बैतनिय्याह									
	Bethel				बेतेल									
G965	Bethlehem				बैतलहम, एप्रात									
	Beth Shemesh				बेतशेमेश									
	Bethuel				बतूएल									
	Boaz				बोआज़									
G2541	Caesar				कैसर									
G2542, G5376	Caesarea, Caesarea Philippi				कैसरिया, कैसरिया फिलिप्पी									
G2533	Caiaphas				कैफा									
G2535	Cain				कैन									
	Caleb				कालेब									
G2580	Cana				काना									
G2581,G5478	Canaan, Canaanite, Canaanites				कनान, कनानी, कनानियों									
G2584	Capernaum				कफरनहूम									
	Carmel, Mount Carmel				कर्मेल, कर्मेल पहाड़									
G5466	Chaldea, Chaldean, Chaldeans				कसदी, कसदी, कसदियों									
	Kerethites				करेतियों									
G2791	Cilicia				किलिकिया									
G1138,G4172	city of David				दाऊद के नगर									
G2857, G2858	Colossae, Colossians				कुलुस्से, कुलुस्सियों									
G2881, G2882	Corinth, Corinthians				कुरिन्थुस, कुरिन्थवासी									
G2883	Cornelius				कुरनेलियुस									
G2912, G2914	Crete, Cretan, Cretans				क्रेते, क्रेतेवासी, क्रेतेवासियों									
	Cush				कूश									
G2953, G2954	Cyprus				साइप्रस									
G2956, G2957	Cyrene				कुरेनी									
	Cyrus				कुस्रू									
G1154	Damascus				दमिश्क									
	Dan				दान									
G1158	Daniel				दानिय्येल									
	Darius				दारा									
G1138	David				दाऊद									
	Delilah				दलीला									
	Eden, garden of Eden				अदन, अदन की वाटिका									
G2401	Edom, Edomite, Edomites, Idumea				एदोम, एदोमी, एदोमियों, इदूमिया									
G124,G125	Egypt, Egyptian, Egyptians				मिस्र, मिस्री, मिस्रियों									
	Ekron, Ekronites				एक्रोन, एक्रोनी									
G1639	Elam, Elamites				एलाम, एलाम लोग									
G1648	Eleazar				एलीआजार									
G1662	Eliakim				एलयाकीम									
G2243	Elijah				एलिय्याह									
	Elisha				एलीशा									
G1665	Elizabeth				एलीशिबा									
	En Gedi				एनगदी									
G1802	Enoch				हनोक									
G2179, G2180, G2181	Ephesus, Ephesian, Ephesians				इफिसुस, इफिसुस वासी, इफिसियों									
G2187	Ephraim, Ephraimite, Ephraimites				एप्रैम, एप्रैमी, एप्रैमियों									
	Ephrath, Ephrathah, Ephrathite, Ephrathites				एप्रात, एप्रात, एप्राती, एप्राती									
G2269	Esau				एसाव									
	Esther				एस्तेर									
G128	Ethiopia, Ethiopian				कूश, कूशी									
G2166	Euphrates River, the River				फरात महानद, महानद									
G2096	Eve				हव्वा									
	Ezekiel				यहेजकेल									
	Ezra				एज्रा									
G1043	Gabriel				जिब्राईल									
G1045	Gad				गाद									
G1053, G1054	Galatia, Galatians				गलातिया, गलातियों									
G1056,G1057	Galilee, Galilean, Galileans				गलील, गलीली, गलीलियों									
	Gath, Gittite, Gittites				गत, गतवासी, गती									
G1048	Gaza				गाज़ा									
	Gerar				गरार									
	Geshur, Geshurites				गशूर, गशूरियों									
G1068	Gethsemane				गतसमनी									
	Gibeah				गिबा									
	Gibeon, Gibeonite, Gibeonites				गिबोन, गिबोनी, गिबोनियों									
	Gideon				गिदोन									
	Gilead, Gileadite, Gileadites				गिलाद, गिलादी, गिलादियों									
	Gilgal				गिलगाल									
	Girgashites				गिर्गाशियों									
G1115	Golgotha				गुलगुता									
	Goliath				गोलियत									
	Gomorrah				अमोरा									
	Goshen				गोशेन									
G1671	Greece				यूनान, यूनानी									
G1672,G1673,G1674,G1675,G1676	Greek, Grecian													
	Habakkuk				हबक्कूक									
	Hagar				हाजिरा									
	Haggai				हाग्गै									
	Ham				हाम									
	Hamath, Hamathites, Lebo Hamath				हामात, हमाती, लीबो हामात									
	Hamor				हामोर									
	Hananiah				हनन्याह									
	Hannah				हन्ना									
	Haran				हारान									
	Hebron				हेब्रोन									
G2264, G2265, G2267	Herod, Herod Antipas				हेरोदेस अन्तिपास									
G2266	Herodias				हेरोदियास									
G2264	Herod, Herod the Great				हेरोदेस महान									
G1478	Hezekiah				हिजकिय्याह									
	Hilkiah				हिल्किय्याह									
	Hittite, Hittites				हित्ती, हित्तियों									
	Hivite, Hivites				हिव्वी, हिव्वियों									
	Horeb				होरेब									
G5617	Hosea				होशे									
	Hoshea				होशे									
G1138,G3624	house of David				दाऊद के घराने									
G2430	Iconium				इकुनियुम									
G2464	Isaac				इसहाक									
G2268	Isaiah				यशायाह									
	Ishmael, Ishmaelite, Ishmaelites				इश्माएल, इश्माएली, इश्माएलियों									
G2466	Issachar				इस्साकार									
G2384	Israel, Israelite, Israelites, Jacob				इस्राएल, इस्राएली, इस्राएलियों, याकूब									
G2385	James (brother of Jesus)													
G2385	James (son of Alphaeus)				याकूब(हलफईस का पुत्र)									
G2385	James (son of Zebedee)				याकूब (जब्दी का पुत्र)									
	Japheth				येपेत									
	Jebus, Jebusite, Jebusites				यबूस, यबूसी, यबूसियों									
	Jehoiachin				यहोयाकीन									
	Jehoiada				यहोयादा									
	Jehoiakim				यहोयाकीम									
G2496	Jehoram, Joram				यहोराम, योराम									
G2498	Jehoshaphat				यहोशापात									
	Jehu				येहू									
	Jephthah				यिप्तह									
G2408	Jeremiah				यिर्मयाह									
G2410	Jericho				यरीहो									
	Jeroboam				यारोबाम									
G2414,G2415,G2419	Jerusalem				यरूशलेम									
G2421	Jesse				यिशै									
	Jethro, Reuel				यित्रो, रूएल									
G2403	Jezebel				ईजेबेल									
	Jezreel, Jezreelite				यिज्रैल, यिज्रैली									
	Joab				योआब									
	Joash				योआश									
G2492	Job				अय्यूब									
G2493	Joel				योएल									
G2491, G3138	John Mark				यूहन्ना मरकुस									
G2491	John (the apostle)				यूहन्ना (प्रेरित)									
G910 G2491	John (the Baptist)				यूहन्ना (बपतिस्मा देनेवाला)									
G2495	Jonah				योना									
	Jonathan				योनातान									
G2445	Joppa				याफा									
G2496	Joram				योराम									
G2446	Jordan River, Jordan				यरदन नदी, यरदन									
G2501	Joseph (NT)				यूसुफ (नया नियम)									
G2500,G2501	Joseph (OT)				यूसुफ (पुराना नियम)									
G2424	Joshua				यहोशू									
G2502	Josiah				योशिय्याह									
	Jotham				योताम									
	Judah				यहूदा									
G2455, G2469	Judas Iscariot				यहूदा इस्करियोती									
G2455	Judas son of James				याकूब का पुत्र यहूदा									
G2453	Judea				यहूदिया									
	Kadesh, Kadesh-Barnea, Meribah Kadesh				कादेश, कादेशबर्ने, कादेश के मरीबोत									
	Kedar				केदार									
	Kedesh				केदेश									
G2748,G5493	Kidron Valley				किद्रोन नाले									
	Israel, kingdom of Israel				इस्राएल के राज्य									
	Judah, kingdom of Judah				यहूदा, यहूदा का राज्य									
	Korah, Korahite, Korahites				कोरह, कोरे, कोरहियों									
	Laban				लाबान									
G2984	Lamech				लेमेक									
G2976	Lazarus				लाज़र									
	Leah				लिआ:									
	Lebanon				लबानोन									
	Leviathan				लिव्यातान									
G3017,G3018,G3019,G3020	Levi, Levite, Levites, Levitical				लेवी, लेवीय, लेवियों, लेवीय									
G3091	Lot				लूत									
	Luke				लूका									
G3082	Lystra				लुस्त्रा									
	Maacah				माका									
G3109, G3110	Macedonia				मकिदुनिया									
G1217	Maker				सृजनहार									
	Malachi				मलाकी									
G3128	Manasseh				मनश्शे									
G444,G2316	man of God				परमेश्‍वर का जन									
G3136	Martha				मार्था									
G3137	Mary, the mother of Jesus				मरियम, यीशु की माता									
G3094, G3137	Mary Magdalene				मरियम मगदलीनी									
G3137	Mary (sister of Martha)													
G3017, G3156	Matthew, Levi				मत्ती, लेवी									
G3370	Mede, Medes, Media				मादियों, मादे									
	the sea, the Great Sea, the western sea, Mediterranean Sea				समुद्र, महासमुद्र, पश्चिम के समुद्र, भूमध्य सागर									
	Melchizedek				मेलिकिसिदक									
	Memphis				नोप									
	Meshech				मेशेक									
G3318	Mesopotamia, Aram Naharaim				मेसोपोटामिया,अरम्नहरैम									
	Micah				मीका									
G3413	Michael				मीकाएल									
	Midian, Midianite, Midianites				मिद्यान, मिद्यानी, मिद्यानियों									
	Miriam				मिर्याम									
	Mishael				मीशाएल									
	Mizpah				मिस्पा									
	Moab, Moabite, Moabitess				मोआब, मोआबी, मोआबिन									
G3434	Molech, Moloch				मोलेक, Moloch									
	Mordecai				मोर्दकै									
G3475	Moses				मूसा									
	Mount Hermon				हेर्मोन पर्वत									
G3735,G1636	Mount of Olives				जैतून के पहाड़									
G3497	Naaman				नामान									
G3493	Nahor				नाहोर									
G3486	Nahum				नहूम									
G3508	Naphtali				नप्ताली									
G3481	Nathan				नातान									
G3478, G3479, G3480	Nazareth, Nazarene				नासरत, नासरियों									
	Nebuchadnezzar				नबूकदनेस्सर									
	Negev				दक्षिण देश									
	Nehemiah				नहेम्याह									
	Nile River, River of Egypt, the Nile				नील नदी, मिस्र की नदी, नील नदी									
G3535,G3536	Nineveh, Ninevite				नीनवे, नीनवे के लोगों									
G3575	Noah				नूह									
	Obadiah				ओबद्याह									
	Omri				ओम्री									
	Paddan Aram				पद्दनराम									
	Paran				पारान									
G3972, G4569	Paul, Saul				पौलुस, शाऊल									
	Peor, Mount Peor, Baal Peor				पोर, पोर पर्वत, बालपोर									
	Perizzite				परिज्जी									
	Persia, Persians				फारस, फारसियों									
G2786, G4074, G4613	Peter, Simon Peter, Cephas				पतरस, शमौन पतरस, कैफा									
G5328	Pharaoh, king of Egypt				फ़िरौन, मिस्र के राजा									
G5376	Philip, the evangelist				फिलिप्पुस, सुसमाचार प्रचारक									
G5374, G5375	Philippi, Philippians				फिलिप्पी, फिलिप्पियों									
	Philip, the apostle				फिलिप्पुस, प्रेरित									
H776 H6429 H06430	Philistia				पलिश्तीन									
	Philistines				पलिश्तियों									
	Phinehas				पीनहास									
G4949,G5403	Phoenicia, Syrophoenician				फीनीके									
G4091, G4194	Pilate				पिलातुस									
G4193, G4195	Pontus				पुन्तुस									
	Potiphar				पोतीपर									
	Priscilla, Prisca				प्रिस्किल्ला									
	Rabbah				रब्बा									
G4478	Rachel				राहेल									
G4460	Rahab				राहाब									
G4471	Ramah				रामाह									
	Ramoth				रामोत									
	Rebekah				रिबका									
G2063,G2281	Sea of Reeds, Red Sea				नड़ सागर, लाल समुद्र									
G4497	Rehoboam				रहूबियाम									
G4502	Reuben				रूबेन									
	Rimmon				रिम्मोन									
G4514, G4516	Rome, Roman				रोम, रोमी									
G4503	Ruth				रूत									
	Salt Sea, Dead Sea				खारा ताल, मृत सागर									
G4540,G4541,G4542	Samaria, Samaritan				सामरिया, सामरी									
G4546	Samson				शिमशोन									
G4545	Samuel				शमूएल									
G4564	Sarah, Sarai				सारा, सारै									
G4549	Saul				शाऊल (पुराना नियम)									
G1056,G1082,G2281,G3041,G5085	Sea of Galilee, Sea of Kinnereth, lake of Gennesaret, Sea of Tiberias				गलील सागर, किन्नेरेत की सागर, गन्नेसरत की झील, तिबिरियुस की झी									
	Sennacherib				सन्हेरीब									
G4589	Seth				शेत									
	Sharon, Plain of Sharon				शारोन, शारोन का मैदान									
	Sheba				शीबा									
	Shechem				शेकेम									
G4590	Shem				शेम									
	Shiloh				शीलो									
	Shimei				शिमी									
	Shinar				शिनार									
G4605,G4606	Sidon, Sidonians				सीदोन, सीदोनियों									
G4609, G4610	Silas, Silvanus				सीलास, सिल्वानुस									
G4826	Simeon				शमौन									
G2208, G2581, G4613	Simon the Zealot				शमौन कनानी									
G3735,G4614	Sinai, Mount Sinai				सीनै, सीनै पर्वत									
G4670	Sodom				सदोम									
G4672	Solomon				सुलैमान									
G4736	Stephen				स्तिफनुस									
	Succoth				सुक्कोत									
G4947,G4948	Syria, Ashur				सीरिया									
	Tamar				तामार									
	Tarshish				तर्शीश									
G5018, G5019	Tarsus				तरसुस									
	Terah				तेरह									
G2331, G2332	Thessalonica, Thessalonian, Thessalonians				थिस्सलुनीके, थिस्सलुनीकियों, थिस्सलुनीकियों									
G2381	Thomas				थोमा									
G5095	Timothy				तीमुथियुस									
	Tirzah				तिर्सा									
G5103	Titus				तीतुस									
G5174	Troas				त्रोआस									
	Tubal				तूबल									
G5190	Tychicus				तुखिकुस									
G5183,G5184	Tyre, Tyrians				सोर, सोर के लोग									
	Ur				ऊर									
G3774	Uriah				ऊरिय्याह									
	Uzziah				उज्जियाह, अजर्याह									
	Vashti				वशती									
G2195	Zacchaeus				जक्कई									
G4524	Zadok				सादोक									
G2199	Zebedee				जब्दी									
G2194	Zebulun				जबूलून									
G2197	Zechariah (NT)				जकर्याह (नया नियम)									
	Zechariah (OT)				जकर्याह (पुराना नियम)									
	Zedekiah				सिदकिय्याह									
	Zephaniah				सपन्याह									
G2216	Zerubbabel				जरुब्बाबेल									
	Zoar				सोअर									
G1427,G2474,G5443	twelve tribes of Israel, twelve tribes of the children of Israel, twelve tribes				इस्राएल के बारह गोत्र, इस्राएल के बारह गोत्र, बारह गोत्र									
G12, G5421	abyss, bottomless pit				अथाह कुण्ड, अथाह गड्ढे									
	acacia				बबूल									
G1458,G2147,G2596,G2724	accuse, accuses, accused, accusing, accuser, accusers, accusation, accusations				दोष लगाना, दोषा लगाता है, दोषी, दोष लगा रहे है, आरोप लगाने वाला, आरोप लगाने वाले, आरोप, आरोपों									
G1492,G1921,G3670	acknowledge, acknowledges, acknowledged, admit, admitted				मानना, मान लेता है, मानकर, मान लेता, मान लिया									
	acquit, acquits, acquitted				निर्दोष, निर्दोष ठहराना, छूट जाता									
G2941	administration, administrator, administrators, administered, administering				प्रशासन, प्रशासक, प्रशासक, प्रशासित, प्रशासन									
G3560,G3867,G5537	admonish, warned, aware, have been a witness against				चिताना									
G476,G480,G2189,G2190,G4567,G5227	adversary, adversaries, enemy, enemies				विरोधी, द्रोहियों, बैरी, शत्रुओं									
G2346,G2347,G2552,G2553,G2561,G3804,G4777,G4778,G5003	afflicted, afflict, afflicting, affliction, afflictions				दुःखित, क्लेश देना, दुःखित, मारेगा, दुःख, क्लेश									
G165,G1074	age, ages, aged				आयु, युगों, वृद्ध									
	alarm, alarms, alarmed				व्याकुल, ललकारने, घबरा गया									
G1654	alms				दान									
G2368,G2379	altar of incense, incense altar				धूप की वेदी, धूप वेदी									
G639,G1568,G1569,G1605,G1611,G1839,G2284,G2285,G2296,G2297,G2298,G3167,G4023,G4423,G4592,G5059	amazed, amazement, astonished, marvel, marveled, marveling, marvelous, wonder, wonders, dumbfounded, confusion				चकित, विस्मय, अचम्भा किया, अचम्भा, अचम्भा करके, अचम्भे में आ जाना, आश्चर्यकर्मों, चमत्कार, चमत्कारों									
G4243	ambassador, ambassadors, representative, representatives				दूत, दूतों, प्रतिनिधि, राजदूत									
G23,G1758,G2371,G2372,G3164,G3709,G3710,G3711,G3947,G3949,G5520	anger, angered, angry				क्रोध, क्रोधित हुआ, क्रोधित									
G928,G3600,G4928	anguish				पीड़ा									
	archer, archers				धनुर्धारी, धनुर्धारियों									
G3696,G3833	armor, armory				हथियार, शस्त्रों का घर									
	arrogant, arrogantly, arrogance				अहंकारी, अभिमान करके, अहंकार									
G2868,G4700,G5077,G5522	ash, ashes, dust				राख, राख, धूल									
G1577,G1997,G3831,G4863,G4864,G4871,G4905	assembly, assemblies, assemble, assembled, congregation, meeting				मण्डली, सभाओं, इकट्ठा करना, इकट्ठा किया									
G3307	assign, assigned, assigning, assignment, assignments, reassign				नियुक्त करना, बांटा, ठहराए, भाग, भागों, फिर दे देना									
G4105	astray, go astray, went astray, lead astray, led astray, stray, strayed, strays				भटक, भटक जाते हैं, भटक गए, भटका देना, भटका दिया, भटकना, भटका दिया, भटकना									
G1349,G1556,G1557,G1558,G2917,G3709	avenge, avenges, avenged, avenging, avenger, revenge, vengeance				बदला लेना, पलटा लेनेवाला, पलटा लिया, बदला लेने, पलटा लेनेवाला, बदला, पलटा लेना									
G2124	awe, awesome				भय, भययोग्य									
G513	ax, axes				कुल्हाड़ा, कुल्हाड़े									
G1173,G1403	banquet				भोज									
G2915,G2916	barley				जौ									
G692,G4723	barren, dry				उजाड़									
G2894,G3426,G4553,G4711	basket, baskets, basketfuls				टोकरी, टोकरियाँ, टोकरियाँ भरकर									
G142,G399,G430,G503,G941,G1080,G1627,G2592,G3114,G3140,G4064,G4160,G4722,G4828,G4901,G5041,G5088,G5297,G5342,G5409,G5576	bear, bears, bearing, bearer, carry, carried				सहना, सह लेता है, उठाए, ढोनेवाला									
G715	bear, bears				रीछ, रीछनियों									
G2226,G2341,G2342,G2934,G4968,G5074	beast, beasts, animal, animals				पशु, पशुओं									
G154,G1871,G4319,G4434,G6075	beg, begged, begging, beggar, needy				विनती, विनती की, विनती की, कंगाल									
G3860,G4273	betray, betrays, betrayed, betraying, betrayer, betrayers				पकड़वाना, पकड़वानेवाले, पकड़वाया, विश्वासघात किया, पकड़नेवाला, पकड़वानेवाले									
G2250	day, days				दिन, दिनों									
G5610	hour, hours, moment, immediately, for a while				पहर, घंटे									
G3376	month, months, monthly				महीने, महीनों, महीने के									
G5438	watch (biblical time), watches				पहर(बाइबल का समय)									
G4521	week, weeks				सप्ताह, सप्ताहों									
G1763,G2094	year, years				वर्ष, वर्षों									
G3470	blemish, blemishes, unblemished, defect				दोष, दोष, निर्दोष									
G2210	bloodshed				लहू बहाना									
G631,G1591,G1813	blot out, blots out, blotted out, wipe out, wipes out, wiped out				मिटा दे, मिटा देता, मिटाया जाता, मिटा डाले, मिटा, मिट गए									
G662,G2292,G3618,G3954,G3955,G5111,G5112	bold, boldly, boldness, emboldened				निडर, निडर होकर, साहस, साहसी									
G976,G2222	Book of Life				जीवन की पुस्तक									
G1120,G2578,G2827,G4781,G4794	bow, bows, bowed, bowing, bow down, bows down, bowed down, bowing down, knelt, are bent, have bent, bend, bend the knee, will bend				दण्डवत्, झुक गया, दण्डवत् किया, झुकने, दण्डवत् करना, दण्डवत् करे, दण्डवत् किया, दण्डवत् करते रहे									
G5115	bow and arrow, bows and arrows, a bow, arrows				धनुष और तीर, धनुष और तीर									
G106,G740,G4286	bread				रोटी									
G2382	breastplate, breastplates, breastpiece				झिलम, झिलमें, चपरास									
G1709,G1720,G4157	breath, breathe, breathes, breathed, breathing				श्वांस, श्वांस फूंकना, साँस लेता है, श्वांस फूँक दिया, सांस लेना									
G5260	bribe, bribes, bribed, bribery, payoffs				घूस, घूस, घूस दिया, घूस लेते हैं									
G3565	bride, brides, bridal				दुल्हन, वधू, विवाह									
G3566	bridegroom, bridegrooms				दुल्हा, दुल्हे									
G5470,G5474,G5475	bronze				पीतल									
G4,G916,G922,G1117,G2347,G2599,G2655,G5413	burden, burdens, burdened, burdensome, heavy, utterances				बोझ, बोझ, बोझ से दबे, भारी									
G3646	burnt offering, burnt offerings, offering by fire				होमबलि, हवन, अग्निदान									
G1779,G1780,G2290,G4916,G5027	bury, buries, buried, burying, burial				मिट्टी देना, दबा देता है, गाड़े गए, मिट्टी दे, मिट्टी देने									
G2574	camel, camels				ऊँट, ऊँटों									
G161,G162,G163,G164,G2221	captive, captives, captivate, captivated, captivity, catch, captured				बन्दी बनाना, बन्दी, वश में करना, मोहित, बँधुआई									
G1544	cast out, casting out, driving out, throw out, throwing out				निकालना, निकाल दिया, बाहर निकालने, फेंक देना, फेंककर									
G726	caught up, caught up with, catch up with				उठा लिया, जा लिया, दौड़ गया									
	cedar, cedars, cedarwood				देवदारू, देवदारों, देवदारू की लकड़ी									
G582,G583	census				नाम लिखाई									
G892	chaff				भूसी									
G716,G4480	chariot, chariots, charioteers				रथ, रथों, रथियों									
G5502	cherub, cherubim, cherubs				करूब, करूबों, करूबों									
G749,G750,G754,G4410,G4413,G5506	chief, chiefs, officers				प्रधान, प्रधानों									
G749	chief priests				प्रधान याजकों									
	chronicles				इतिहास									
G4175,G4177,G4847	citizen, citizens, citizenship				निवासी, निवासियों, citizenship									
	clan, clans				कुल, कुलों									
G294,G1463,G1562,G1737,G1742,G1746,G1902,G2066,G2439,G2440,G3608,G4016,G4470,G4616,G4683,G4749,G5509,G6005	clothe, clothed, clothes, clothing, unclothed, garments				पहनाना, पहनना, वस्त्र, अंगरखा, उतारना									
G302,G2174,G3870,G3874,G3875,G3888,G3890,G3931	comfort, comforts, comforted, comforting, comforter, comforters, uncomforted				शान्ति, शान्ति, शान्ति दी, शान्तिदायक, शान्ति देनेवाला, शान्ति देनेवाले, शान्ति नहीं मिली									
G5506	commander, commanders, leader, leaders				सेनापति, सरदारों									
G264,G2038,G2716,G3429,G3431,G3860,G3872,G3908,G4102,G4160,G4203	commit, commits, committed, committing, commitment				करना, करता है, किया है, करते, प्रतिज्ञा									
G2844,G3353,G4791,G4898,G4904	companion, companions, fellow worker, fellow workers, friend				साथी, संगी									
G1080,G1722,G2602,G2845,G4815	conceive, conceives, conceived, conception				गर्भ धारण, गर्भवती, गर्भवती, गर्भवती होना									
	concubine, concubines				रखैल, रखैलियों									
G1340,G2292,G3954,G3982,G4006,G5287	confidence, confident, confidently				भरोसा, भरोसा करना, आत्मविश्वास से									
G950,G951,G1991,G2964,G3315,G4300,G4972	confirm, confirms, confirmed, confirmation, guaranteed				दृढ़ करने, दृढ़ करता, पक्की की, प्रमाण देने									
G355,G1159,G2618,G2654,G2719,G5315,G5723	consume, consumes, consumed, consuming				भस्म कर देगा, खाए, भस्म किया, भस्म करती जाएगी									
G1848	contempt, contemptible, not worth listening to				तुच्छ जाने, तुच्छ									
G853,G862,G1311,G1312,G2585,G2704,G4550,G4595,G5349,G5351,G5356	corrupt, corrupts, corrupted, corrupting, corruption, corruptly, incorruptibility, depraved				बिगड़कर, नाश होती है, बिगड़ गए, भ्रष्ट, सड़ाहट, बिगड़ गए									
G1010,G4824,G4892	council, councils				महासभा, सभाओं									
G1010,G1011,G1012,G1106,G4823,G4824,G4825	advice, advise, advised, advisor, advisors, counsel, counselor, counselors, counsels				सम्मति, सम्मति, सम्मति दी, मंत्री, सम्मति देनेवालों, युक्ति , युक्ति करनेवाला, मंत्रियों, सम्मति दी									
G2114,G2115,G2174,G2292,G2293,G2294,G3870,G3874,G3954,G4389,G4837,G5111	courage, courageous, encourage, encouraged, encouragement, take courage, discourage, discouraged, discouragement, discouraging, bravest				हियाव, हियाव बांधे, प्रोत्साहित, प्रोत्साहन, ढाढ़स बाँधो, उदास, निरुत्साहित, उदास करना, discouraging									
G2681,G833,G933,G4259	court, courts, courtyard, courtyards				आँगन, आँगनों, आँगन, आँगनों									
G1016,G1151,G2353,G2934,G3447,G3448,G4165,G5022,G5022	cow, cows, bull, bulls, calf, calves, cattle, heifer, ox, oxen				गाय, गायें, बैल, बैलों, बछड़ा, बछड़ों, पशुओं, बछिया, बैल, बैलों									
G2041,G2602,G2675,G2936,G2937,G2939,G4160,G5480	create, creates, created, creation, creator				उत्‍पन्‍न, सर्जन करना, सृष्टि की, सृष्टि, सृजनहार									
G2226,G2937,G2938	creature, creatures				प्राणी, प्राणियों									
G156,G1462,G2556,G2557,G4467	crime, crimes, criminal, criminals				दोष, अपराधों, कुकर्मी,  कुटिल जन									
G1238,G4735,G4737	crown, crowns, crowned				मुकुट, मुकुट, मुकुट पहनाना, मुकुट रखा									
G310,G349,G863,G994,G995,G1916,G2019,G2799,G2805,G2896,G2905,G2906,G2929,G4377,G5455	cry, cries, cried, crying, cry out, cries out, cried out, outcry, outcries, shouted, shouts				पुकार, चिल्लाहट, पुकारकर, रोना, दोहाई, दोहाई, पुकारकर, चिल्लाहट, जय-जयकार									
	cupbearer, cupbearers				पिलानेहारा, पिलानेवाले									
G2665	curtain, curtains				परदा, परदे									
G609,G851,G1581,G2407,G5257,	cut off, cuts off, cutting off				नाश किया, नाश करे, काटकर									
	cypress				सनौबर									
G2217,G4652,G4653,G4655,G4656	darkness				अंधियारा									
G336,G337,G520,G581,G599,G615,G622,G684,G1634,G1935,G2079,G2253,G2286,G2287,G2288,G2289,G2348,G2837,G2966,G3498,G3499,G3500,G4430,G4880,G4881,G5053,G5054	die, dies, died, dead, deadly, deadness, death, deaths, deathly				मरे, मर जाए, मर गया, मरे हुओं, प्राणनाशक, मरी हुई, मृत्यु, मरेंगे, मृत्यु के भय									
G538,G539,G1386,G1387,G1388,G1389,G1818,G3884,G4105,G4106,G4108,G5422,G5423	deceive, deceives, deceived, deceiving, deceit, deceiver, deceivers, deceitful, deceitfully, deceitfulness, deception, deceptive, illusions				धोखा, धोखा, धोखा दिया, छलता, छली, धोखेबाज, धोखेबाजों, छलपूर्ण, धूर्तता से, छल में, छलता, छली									
G312,G394,G518,G669,G1107,G1213,G1229,G1335,G1344,G1555,G1718,G1732,G1834,G2097,G2511,G2605,G2607,G3140,G3670,G3724,G3822,G3853,G3870,G3955,G5319,G5419	declare, declares, declared, declaring, declaration, declarations, proclaim, proclaimed, proclaims, proclaiming, proclamation, proclamations, announce, announces, make clear				वर्णन, वाणी, ठहराया, कहता है, वाणी, घोषणाओं									
G1378	decree, decrees, decreed				आज्ञा, आज्ञाओं, आदेश दी									
G1456,G1457	dedicate, dedicates, dedicated, dedication, established, devoted				समर्पण करे, समर्पण करना, समर्पित, समर्पण									
	deer, doe, does, fawns, roebuck, roebucks				हिरन, हिरनी, हिरनियाँ, मृगनी, मृग, मृगों									
G733,G2839,G2840,G3392,G3435,G4696,G5351	defile, defiles, defiled, defiling, be defiled, are defiled, was defiled, were defiled				अशुद्ध, अशुद्ध, अशुद्ध कर डाला, अपवित्र करने, अपवित्र किए, अशुद्ध हुई, अशुद्ध हो गया, अशुद्ध हो गए									
	delight, delights, delighted, delightful, took pleasure				आनन्द, प्रसन्‍न, सुखी, मनोहर									
G325,G525,G629,G859,G1080,G1325,G1560,G1659,G1807,G1929,G2673,G3086,G3860,G4506,G4991,G5088,G5483	deliver, delivers, delivered, delivering, deliverer, deliverance, hand over, handed over, turn over, released, rescue, rescues, rescued, be rescued, permit to escape, defended				छुड़ाना, छुड़ाना, छुड़ाया ,छुड़ाया जाना, छुटकारा दिलाने वाला ,छुटकारा									
G1074,G1085,G4690	descend, descends, descended, descending, descendant, descendants, clans descended				उतरेगा, ढलान, उतर गया, उतरते, वंश, वंश									
G953	desecrate, desecrated, desecrating				अशुद्ध करना, अशुद्ध किया, अपवित्र									
G2047,G2048	desert, deserts, wilderness, wildernesses				जंगल, छोड़कर , सुनसान, छोड़ देना, जंगल, जंगलों									
G2048,G2049,G2050,G3443	desolate, desolation, desolations, alone, left all alone, deserted				उजड़, उजाड़, उजड़े									
G5056,G5087	destiny				ठहराया, नियुक्त, दशा, पहले से ठहराया									
G3645	destroy, destroys, destroyed, destroyer, destroyers, destroying, destruction				नाश, नाश करता, नाश किया, नाश करनेवाला, नाश करनेवाले, सत्यानाश करना									
G946,G947,G948,G4767,G5723,G3404	detest, detested, detestable				घृणा, घृणा करा, घृणित									
	devastate, devastated, devastating, devastation, devastations				नाश होगा, उजाड़ दिया, नाश करता, उजाड़, उजाड़									
G2068,G2666,G2719,G5315	devour, devours, devoured, devouring				भस्म हो जाएगा, भस्म करती, भस्म हुए, भस्म करनेवाली									
G350,G1252,G1253,G1381,G2924	discern, discerned, discerning, discernment, distinguish, distinguishing				पहचान, जान सकता, समझदार, विवेक-शक्ति									
G149,G819,G3680,G3856	disgrace, disgraces, disgraced, disgraceful				अपमान, अपवित्र ठहराती, अपवित्र ठहराया, लज्जा की बात									
G818,G819,G820,G987,G2617	dishonor, dishonors, dishonored, dishonorable				निरादर, अपमान करता, अनादर किया, नीच									
G506,G543,G544,G545,G3847,G3876	disobey, disobeys, disobeyed, disobedience, disobedient				अवज्ञा, अवज्ञा, अवज्ञा किया, आज्ञा का उल्लंगन, अवज्ञाकारी									
G1287,G1290,G4650	disperse, dispersion, scatter, scattered, scatters, distributed				छितरा, तितर-बितर होकर									
G4436	divination, diviner, soothsaying, soothsayer				भावी कहने, भावी कहनेवालों, भूत सिद्धिवालों, ज्योतिषी									
G630,G647,G863	divorce				त्यागना									
G1319,G1322,G2085	doctrine, beliefs				धर्मोपदेश									
G3678,G3688,G5268	donkey, mule				गदहा, खच्चर									
	doom				दण्ड									
	doorpost				चौखट									
G4058	dove, pigeon				पण्डुकी, कबूतर									
G1797,G1798,G3677	dream				स्वप्न									
	drink offering				अर्घ									
G3178,G3182,G3183,G3184,G3630,G3632	drunk, drunkard				मतवाले, पियक्कड़									
G906,G4657	dung, manure				गोबर, खाद									
G105	eagle, eagles				उकाब, उकाबों									
G1093,G1919,G2709,G2886,G3625,G3749,G4578,G5517	earth, earthen, earthly				पृथ्वी, मिट्टी का, पार्थिव									
G1087,G3187,G4244,G4245,G4850	elder, elders, older				प्राचीन, प्राचीनों									
G430,G907,G1526,G2005,G2076,G2553,G2594,G3114,G3306,G4722,G5278,G5281,G5297,G5342	endure, endures, endured, enduring, endurance				बना रहेगा, धीरज धरेगा, सहते, स्थिर रहता, धीरज									
G1398,G1402,G2615	enslave, enslaves, enslaved, bondage				सेवा करना, दास बनाना, दासत्व, बन्धन, वश में, बन्धन, बाँधा									
G866,G1937,G2205,G2206,G3713,G3788,G4123,G4124,G4190,G5354,G5355,G5366	envy, covet, greedy				डाह, लालच									
G93,G458,G2038,G2040,G2555	evildoer, evildoers, evildoing				कुकर्मी, कुकर्मियों, बुराई									
G3927	exile, exiles, exiled				बँधुआई, बन्धुओं, बन्दी करके									
	exult, exults, exulting, exultant				प्रफुल्लित, मगन, प्रसन्‍न, आनन्द करनेवाले									
G3799,G4383,G4750	face, faces, faced, facing, facial, facedown, before				मुँह, मुँह, के सामने, के सामने, चेहरे, मुँह के बल गिरे									
G5578	false prophet, false prophets				झूठा भविष्यद्वक्ता, झूठे भविष्यद्वक्ताओं									
G1965,G3144,G5571,G5575,G5576,G5577	corrupt witness, false report, false testimony, false witness, false witnesses				अधर्मी साक्षी, अन्यायी साक्षी, झूठी गवाही, झूठा साक्षी, झूठे गवाह									
G1085,G3614,G3624,G3965	family, families				परिवार, घरानों									
G3042	famine, famines				अकाल, अकाल									
G777,G3521,G3522,G3523	fast, fasts, fasted, fasting, fastings				उपवास, उपवास, उपवास किया, उपवास करना, उपवास करना									
G256,G540,G1080,G2495,G3737,G3962,G3964,G3966,G3967,G3970,G3971,G3995,G4245,G4269,G4613	ancestor, ancestors, father, fathers, fathered, fathering, forefather, forefathers, grandfather				मूलपिता, पूर्वजों, पिता, बापदादे, जन्मा, जन्माता, पूर्वज, पूर्वजों, पुरखाओं									
G26,G755,G1062,G1173,G1403,G1456,G1858,G1859,G2165,G3521,G4910	feast, feasts, feasting				पर्व, पर्वों, भोज									
	fellowship offering, fellowship offerings				मेलबलि, मेलबलियों									
G1456,G1858,G1859	festival, festivals				पर्व, पर्व									
G3653,G4808,G4810	fig, figs				अंजीर, अंजीरों									
	fir, firs				सनौबर, सनौबर									
G439,G440,G1067,G2741,G4442,G4443,G4447,G4448,G4451,G5394,G5457	fire, fires, firebrands, firepans, fireplaces, firepot, firepots				आग, आग, लुकटियों, करछों, चिमनियों, भट्ठा, अंगीठियाँ									
G4416,G5207	firstborn				पहलौठे									
G536	firstfruits				पहली उपज									
G231,G1903	fishermen, fishers				मछुए, पकड़नेवाले									
G34,G4167,G4168	flocks, flock, flocking, herd, herds				, भेड़-बकरियों, झुण्ड, मण्डली, झुण्ड, गाय-बैलों									
G2627,G4132,G4215,G4216	flood				जल-प्रलय, बाढ़ें, जल में डूब कर, बाढ़, जल से डूब जाएगा									
G832,G834,G836	flute, flutes, pipe, pipes				बाँसुरी, बाँसुरी, बाँसुरी, सीटी बजाने का यंत्र									
G4228,G5286	footstool				पाँवों की चौकी									
G241,G245,G526,G915,G1854,G3581,G3927,G3941	alien, alienates, alienated, foreign, foreigner, foreigners				परदेशी, फूट करा, अलग किए, पराई, परदेशी, परदेशियों									
G4267, G4268	foreknew, foreknowledge				पहले से जान लिया, पूर्व ज्ञान									
G1608,G4202,G4203	sexual immorality, immorality, immoral, fornication				व्यभिचार, व्यभिचार, अनैतिक, परस्त्रीगमन									
G2310,G2311,G2602	found, founded, founder, foundation, foundations				मिला, नींव डाली, प्रतिष्ठापक, नींव, नीवें									
G242,G305,G393,G985,G1530,G1816,G4077,G4855,G5453	fountain, fountains, source, sources, spring, springs				सोता, सोते, झरना, झरने, उमड़ता									
G3030	frankincense				लोबान									
G425,G525,G558,G572,G629,G630,G859,G1344,G1432,G1657,G1658,G1659,G1849,G2010,G3032,G3089,G3955,G4174,G4506,G5483,G5486	free, frees, freed, freeing, freedom, freely, freeman, freewill, liberty				स्वतंत्र, छुड़ाता, छूट गया, मुक्त, स्वतंत्रता, सेंत-मेंत, स्वतंत्र मनुष्य, स्वेच्छा, स्वतंत्रता									
	freewill offering, freewill offerings				स्वेच्छाबलि, स्वेच्छाबलियों									
G1081,G2590,G2592,G2593,G3703,G5052,G5352,G6013	fruit, fruits, fruitful, unfruitful				फल, फलों, फलवन्त, निष्फल									
G2575	furnace				भट्ठा									
G2374,G4439,G4440	gate, gates, gate bars, gatekeeper, gatekeepers, gateposts, gateway, gateways				फाटक, फाटकों, बेंड़ों, द्वारपाल, चौकीदारों, द्वार के खम्भे, द्वार, द्वार									
	generation				पीढ़ी									
	giant, giants				रपाई, दानव									
G328,G1241,G2224,G4024	gird, girded, wrapped around, tied up, belt, tuck in belt, tucked in belt, put belt around, put belt on, had sashes around, fastening waistband around				बाँधे, बांधा हुआ									
	glean, gleans, gleaned, gleanings				बीनने, बीनता, बीना हुआ, इकट्ठा करना									
G122,G2055,G2056,G5131	goat, goats, goatskins, scapegoat, kids				बकरा, बकरियों, बकरियों की खालें, scapegoat, बच्चे									
G5552,G5553,G5554,G5557	gold, golden				सोना, सोने									
G2636,G2637,G5397	gossip, gossips, gossiper, talk nonsense				कानाफूसी, गपशप, कानाफूसी करनेवाला									
G445,G446,G746,G1481,G2232,G2233,G2230,G4232	govern, government, governments, governor, governors, provincial governors, proconsul, proconsuls				शासन करना, प्रभुता, प्रधानताएँ, राज्यपाल, राज्यपालों, हाकिम, सूबेदारों									
G248,G2590,G3450,G4621,G4719	grain, grains, grainfields				अन्न, किनकों, खेतों									
	grain offering, grain offerings				अन्नबलि, अन्नबलियों									
G288,G4718	grape, grapes, grapevine				अंगूर, दाख, दाख की लता									
G1690,G4726,G4727,G4959	groan, groans, groaned, groaning, groanings				कराहते, रोना, कराहना									
	guilt offering, guilt offerings				दोषबलि, दोषबलियों									
G5463,G5464	hail, hails, hailstones, hailstorm				ओलों, ओले गिरना, ओला-वृष्टि, ओलों का तूफ़ान									
G710,G1188,G1448,G1451,G1764,G2021,G2092,G2176,G2902,G4084,G4474,G4475,G5495,G5496,G5497	hand, hands, handed, handing, by the hand of, lay a hand on, lays his hand on, from the hand of				हाथ, हाथों, हाथ, सौपना, के द्वारा, पर हाथ रखना,  पर हाथ लगाता, दाहिना हाथ, दाहिने हाथ, के हाथ से									
G519	hang, hangs, hanged, hanging, hangings, hung				लटका हुआ, लटकाए, लटकाया गया, लटकाकर, पर्दों, लटका दिया									
G917,G1419,G1421,G1422,G1423,G1425,G2205,G2532,G2553,G2872,G2873,G3425,G3433,G4053,G4183,G4456,G4457,G4641,G4642,G4643,G4645,G4912,G4927	hard, harder, hardest, harden, hardens, hardened, hardening, hardness				कठिन, कड़ा, सबसे कठिन, कठोर, कठोर कर लेता है, हठीला, कठोर रहेगा, कठोरता									
G2788,G2789,G2790	harp, harps, harpist, harpists				वीणा, वीणाओं, बजानेवाला,  वीणा बजानेवाले									
G2326,G6013	harvest, harvests, harvested, harvesting, harvester, harvesters				उपज, फसल, लवनी, कटनी, लवनेवाला, लवनेवालों									
G5244	haughty, lofty				घमण्ड									
G346,G755,G2775,G2776,G4719	head, heads, forehead, foreheads, baldhead, headfirst, headbands, headscarves, beheaded				सिर, सिरों, माथे, माथों, चन्दुए, टोपियाँ, गुलूबंद, सिर कटवा दिया									
G1295,G1743,G2322,G2323,G2386,G2390,G2392,G2511,G3647,G4982,G4991,G5198,G5199	cure, cured, heal, heals, healed, healing, healings, healer, health, healthy, unhealthy				चंगा, चंगा किया, चंगा करना, चंगा हो गया, चंगा करने, चंगा करनेवाला, सेहत, बीमार									
G2816,G2818,G2820,G4789	heir, heirs				उत्तराधिकारी, वारिस									
	high place, high places				ऊँचे स्थान, ऊँचे स्थानों									
G40,G4172	holy city, holy cities				पवित्र नगर, पवित्र नगरों									
G2781,G3192,G3193	honey, honeycomb				मधु, मधु का छत्ता									
	hoof, hoofs, hooves				खुर, खुरों, टापों									
G2768	horn, horns, horned				सींग, सींगों, सींग वाले									
	horror, horrors, horrible, horribly, horrified, horrifying, source of horror, object of horror				भय, चकित, बुरे, बुरी तरह से, भयातुर, भयानक									
G2462	horse, horses, warhorse, warhorses, horseback				घोड़ा, घोड़े, युद्ध का घोडा, युद्ध के घोड़ों, सवार होकर									
G2460	horseman, horsemen				सवार, सवारों									
G5610	hour, hours				घड़ी, घंटे									
G3609,G3613,G3614,G3624	house, houses, housetop, housetops, housekeepers, dwelling				घर, घरों, छत के ऊपर, छतों, भण्डार, भण्डारों, घर का कारबार करनेवाले									
G2322,G3609,G3614,G3615,G3616,G3623,G3624	household, household members, members of household, households				कुटुम्ब, घराना									
G2617,G5014	humiliate, humiliated, humiliation				लज्जित करना, अपमानित, दीनता									
G1493,G1494,G1495,G1496,G1497,G2712	idol				मूर्ति, मूरतें, मूर्तिपूजक, मूर्तिपूजकों, मूर्ति-पूजक, मूर्ति पूजा									
G1504,G5179,G5481	image, images, carved image, carved images, cast metal images, figure, figures, carved figure, carved figures, cast metal figure, cast metal figures, statue				मूरत, मूरतों, मूर्ति खोदकर, खोदी हुई मूरतें, धातु की मूरतें ढालकर, मूर्ति, मूरतों, खुदी हुई मूरत, खुदी हुई मूर्तियों, धातु की खुदी हुई मूरत, ढली हुई मूर्तियाँ									
G1096,G2596,G3401,G3402,G4160	imitate, imitator, imitators				अनुकरण करना, के समान चाल चलने, जैसी चाल चलो									
G2368,G2369,G2370,G2379,G3031	incense, incenses				धूप									
G1830	inquire, inquires, inquired, inquiries				पूछना, जांच करना, जाँच-पड़ताल, पूछ-ताछ									
G1256,G1299,G1319,G1321,G1378,G1781,G1785,G2322,G2727,G2753,G3559,G3560,G3614,G3615,G3624,G3811,G3852,G3853,G4264,G4367,G4822	instruct, instructs, instructed, instructing, instruction, instructions, instructors				निर्देश, निर्देश, निर्देश दिए, निर्देश देते रहना, अनुदेश, निर्देश, निर्देशक									
G4587	integrity				खराई									
G1252,G1328,G1329,G1381,G1955,G2058,G3177,G4793	interpret, interprets, interpreted, interpreting, interpretation, interpretations, interpreter				भेद करना, अनुवाद करना, समझा दिया, व्याख्या, अर्थ बताना, व्याख्याओं, फल का बतानेवाला									
G2453	Jewish authorities, Jewish leader				यहूदियों, यहूदी									
G20,G21,G2167,G2744,G3685,G4640,G5463,G5479	joy, joyful, joyfully, joyfulness, enjoy, enjoys, enjoyed, enjoying, enjoyment, rejoice, gladness, rejoices, rejoiced, rejoicing				आनन्द, आनन्दित, आनन्द से, आनन्द, आनन्दमय , आनंद लिया, सुख-विलास									
G2454	Judaism, Jewish religion				यहूदी धर्म, यहूदी मत									
G350,G1252,G1348,G2919,G2922,G2923	judge, judges				न्यायी, न्याय									
G4773	kin, kinfolk, kindred, kinsfolk, kinsman, kinsmen				कुटुम्बी, भाइयों, जन्म-भूमि, कुटुम्बी, कुटुम्बियों									
G1085,G5449	kind, kinds, kindness, kindnesses				प्रकार, भांति-भांति, करुणा, उपकार									
G935,G936	king, kings, kingship, kingly				राजा, राजाओं, राज्य, राज्यों, राज्य, राजसी									
G932	kingdom, kingdoms				राज्य, राज्यों									
G2705,G5368,G5370	kiss, kisses, kissed, kissing				चुम्बन, चुम्बनों, चूमा, चूमना									
G50,G56,G1097,G1107,G1108,G1231,G1492,G1921,G1922,G1987,G2467,G2589,G3877,G4267,G4894	know, knows, knew, knowing, knowledge, known, make known, makes known, made known, unknown, seeing, saw				जानना, जानता है, जानता था, जानना, ज्ञान, ज्ञात, प्रकट करना, ज्ञात करता है, ज्ञात करता है, अज्ञात, पहले से जानना, पूर्वज्ञान									
G75,G2038,G2040,G2041,G2872,G2873,G4704,G4866,G4904,G5389	labor, labors, labored, laborer, laborers, work, worked, hard work				परिश्रम, परिश्रम करे, परिश्रम किया, मजदूर, मजदूरों									
G3449,G4944,G5088,G5604,G5605	labor pains, in labor, birth pains, pains of childbirth, labors in pain together				प्रसव, जच्चा की सी, जच्चा की सी पीड़ाएँ									
G2985,G3088	lamp, lamps torch, torches				दीपक, दीपकों									
G3087	lampstand, lampstands				दीवट, दीवटों									
G1785,G3548,G3551,G4747	law, laws, lawgiver, lawbreaker, lawbreakers, lawsuit, lawyer, principle, principled, principles				व्यवस्था, व्यवस्थाएं, व्यवस्था देनेवाला, अपराधी, अपराधियों, मुकदमा, वकील, सिद्धांत, सैद्धांतिक, सिद्धांत									
G111,G459,G1832,G3545	lawful, lawfully, unlawful, not lawful, lawless, lawlessness				उचित, व्यवस्था की रीति पर, उचित नहीं									
G113,G266,G458,G459	lawless				अधर्मी, अधर्म									
G3097	learned men, astrologers				ज्योतिषी, भावी बतानेवालों									
	leopard, leopards				चीता, चीतों									
G3014,G3015	leper, lepers, leprosy, leprous				कोढ़ी, कोढ़ियों, कोढ़, कोढ़									
G1121,G1989,G1992	epistle, letter, letters				पत्री, पत्र, चिट्ठियाँ									
G681,G796,G1645,G2985,G3088,G5338,G5457,G5458,G5460,G5462	light, lights, lighting, lightning, daylight, sunlight, twilight, enlighten, enlightened				उजियाला, ज्योतियों, बिजली, बिजलियाँ, उजियाले, सूर्य के उजियाले, सांझ, प्रकाशित, ज्योतिर्मय									
G1503,G1504,G2509,G2531,G2596,G3664,G3665,G3666,G3667,G3668,G3669,G3697,G4833,G5108,G5613,G5615,G5616,G5618,G5619	like, liken, likeness, likenesses, likewise, alike, unlike, as if				के समान, एक मन, सदृश करना, समानता, समता, वैसे ही, बराबर, से अलग									
G3023	lions, lion, lioness, lionesses				सिंहों, सिंह, सिंहनी, सिंहनी									
	livestock				पशु									
G200	locust, locusts				टिड्डी, टिड्डियाँ									
G3751	loins, were descendants, waist				कमर									
G2624,G2819,G2975,G3091	lots, casting lots				चिट्ठियाँ, चिट्ठियाँ डालकर									
G865,G866,G5358,G5366,G5367,G5369,G5377,G5381,G5382	lover, lovers				प्रेमी, यारों									
G5011,G5012,G5014	lowly, lowliest, lowliness				दीन, छोटा होगा, दीनता									
G766,G1937,G1938,G1939,G1971,G2237,G3715,G3806	lust, lusts, lusted, lusting, lustful, passions, desires				लालच, अभिलाषाओं, मोहित, लालसा करना, लुचपन									
	lute, lyre, lyres				वीणा, तार वाला बाजा, सारंगियाँ									
G3097	magic, magical, magician, magicians, who talk with spirits, who talks with spirits				जादू, जादू टोना, तांत्रिक, जादूगरों									
G758,G3980,G4755	magistrate, magistrates				न्यायाधीश, हाकिमों									
G1392,G3170	magnify				बड़ा ठहराएगा									
G2012,G3621,G3623	manager, managers, steward, stewards, stewardship				प्रबंधक  प्रबंधक प्रबंधकों, भण्डारी,  भण्डारियों, भंडारीपन									
	mealoffering				अन्नबलि									
G3312,G3316	mediator				मध्यस्थ									
G3191,G4304	meditate, meditates, meditation, thoughts				ध्यान, ध्यान करता, ध्यान									
G4235,G4236,G4239,G4240	meek, meekness				नम्र, नम्रता									
G3089,G5080	melt, melted, melting, melts, molten				पिघलना, पिघल गया, पिघलाई, पिघल जाता, ढालकर									
G1010,G3196,G3609	member, members, body parts				अंग, अंगों									
G3422	memorial, memorial offering				स्मरण दिलानेवाले, दान स्मरण के लिये									
G32,G652	messenger, messengers				दूत, दूतों									
G972,G1411,G1413,G1414,G1415,G1498,G1752,G1754,G2159,G2478,G2479,G2900,G2904,G3168,G3173,G5082	might, mighty, mightier, mightily, mighty works, mighty host				सामर्थ्य, सामर्थी, बहुत सामर्थी, पराक्रम से									
G1271,G1374,G3328,G3525,G3540,G3563,G4993,G5590	mind, minds, minded, mindful, likeminded				मन, मनों, मन में लेना, सुधि लेना, सुधि दिला, याद दिलाता है,  स्मरण किए गए, स्मरण, स्मरण दिलाने वाला, स्मरण दिलाना, एक मन									
G1592,G1701,G1702,G1703,G2301,G2606,G3456,G5512	mock, mocks, mocked, mocking, mocker, mockers, mockery, ridicule, ridiculed, scoff at, scoffed at, taunting song, laughingstock				निन्दा, ठट्ठा करता, उपहास करके, उपहास, ठट्ठा करनेवाला, ठट्टा करनेवालों, हँसी उड़ाने, कलंक लगाते, उपहास करने लगे, घृणा करते, ठट्ठे में उड़ाया									
G4110,G4111	mold, molds, molded, molding, molder, moldy				ढालना, साँचा, ढालकर, बना रहा था, बनानेवाला, फफूंदी									
G2354,G2875,G3602,G3996,G3997	mourn, mourns, mourned, mourning, mourner, mourners, mournful, mournfully, weep, weeping				शोक करना, विलाप कर रहा है, विलाप करने लगे, शोक करता हुआ, शोक करनेवाला,  विलाप करनेवालों, उदासी, शोक									
G4052,G4129	multiply, multiplies, multiplied, multiplying, multiplication, increase				बढ़ाएगा, बढ़ाता रहता, बढ़ गए, बढ़ने लगी, बढ़ती करेगा									
G3466	mystery, mysteries, hidden truth, hidden truths				भेद, भेदों, भेद, भेदों									
G246,G1074,G1085,G1484	nation, nations				जाति, जातियों									
G1069,G2087,G4040,G4139	neighbor, neighbors, neighborhood, neighboring				पड़ोसी, पड़ोसियों, पडोस, आस पास के									
G3376,G3561	new moon, new moons				नया चाँद, नये चाँद									
G937,G2104,G2903	noble, nobles, nobleman, noblemen, nobility, royal official				प्रतिष्ठित, रईसों, धनी मनुष्य, प्रधान लोग									
	oak, oaks				बांज वृक्ष, बांज वृक्षों									
G332,G3660,G3727,G3728	oath, oaths, swear, swears, swearing, swear by, swears by				शपथ, शपथ, शपथ खा, शपथ खाए, शपथ खाकर, शपथ खाके, की शपथ खाता है									
G191,G544,G3980,G3982,G4198,G5083,G5084,G5218,G5219,G5255,G5292,G5293,G5442	obey, obeys, obeyed, obeying, obedience, obedient, obediently				आज्ञा मानना, आज्ञा मानना, आज्ञा दिया, आज्ञाकारी, आज्ञाकारी, आज्ञाकारी, आज्ञाकारी, अवज्ञा, अवज्ञा, अवज्ञा, अवज्ञा, अवज्ञाकारी									
G1081,G1085	offspring				वंश									
G1637,G3464	oil				तेल									
G65,G1636,G1637,G2565	olive, olives				जैतून									
G1722,G5308,G5310,G5311	on high, in the highest				ऊँचे स्थान पर, आकाश में									
G2616,G2669	oppress, oppresses, oppressed, oppressing, oppression, oppressive, oppressor, oppressors				अत्याचार करने, अंधेर करता, सताए हुए, अंधेर करते, अंधेर, ताड़ना , अंधेर करनेवाले, अत्याचार करनेवालों									
G1299,G2525,G2680,G3724,G4270,G4282,G4309,G5021,G5500	ordain, ordained, ordinary, ordination, planned long ago, set up, prepared, bring about, marked out				नियुक्त, ठहराना, सामान्य, नियुक्ति									
G1296,G1345,G1378,G1379,G2937,G3862	ordinance, ordinances, regulation offering, regulations, requirements, strict law, permanent things, customs				विधि, विधियों									
G1983,G1984,G1985	oversee, oversees, overseen, overseer, overseers				देखरेख, पर्यवेक्षण, पर्यवेक्षक, अध्यक्ष, पर्यवेक्षक									
G2638,G2983	overtake, overtakes, overtaken, overtook				आ पड़े, पकड़ लेना, आ पकड़ा, पकड़ लिया									
G1484,G1494	pagan, pagans				अन्यजाति, अन्यजातियां									
G833,G933,G4232	palace, palaces				महल, महलों									
G5404	palm, palms				खजूर, हथेलियों									
	pardon				क्षमा कर, क्षमा									
G991,G1519,G2983,G4299,G4382,G4383	partial, be partial, partiality				आंशिक, पक्ष करना, पक्षपात									
G420,G463,G1933,G3114,G3115,G3116,G5278,G5281	patient, patiently, patience, impatient				धीरजवन्त, धीरज से, सहनशीलता, अधीर									
G3966	patriarch, patriarchs				कुलपति, कुलपतियों									
G269,G425,G31514,G1515,G1516,G1517,G1518,G2272	peace, peaceful, peacefully, peaceable, peacemakers				शान्ति, शांतिपूर्ण, शांतिपूर्वक, शंतियोग्य, शांति बनाने वाले									
	peace offering, peace offerings				मेलबलि, मेलबलियों									
G246,G1074,G1085,G1218,G1484,G2560,G2992,G3793	people group, peoples, the people, a people, people				जाति, लोगों, लोग, प्रजा									
G195,G197,G199,G739,G1295,G2005,G2675,G2676,G2677,G3647,G5046,G5047,G5048,G5050,G5052	perfect, perfected, perfecter, perfection, perfectly, complete				सिद्ध, सिद्ध कराई, सिद्ध करनेवाले, सिद्धता, खरे									
G1375,G1376,G1377,G1559,G2347	persecute, persecuted, persecuting, persecution, persecutions, persecutor, persecutors, chase, pursuers				सताएँ, सताए जाते, सताता, उपद्रव, उत्पीड़न, सतानेवाला, पीछा करनेवाले									
G3115, G4343, G5281	persevere, perseverance				धीरज धरना , धीरज									
G654,G1294,G3344,G3346,G3859,G4106	perverse, perversely, perversion, perversions, perversities, pervert, perverts, perverted, perverting, malicious, maliciously, devious, dishonest, crooked ways, distortion				टेढ़ी, कुटिलता, विकृति, अन्याय, उलट फेर, बिगाड़ने,  टेढ़ी-मेढ़ी,  उलट-पुलट कर दिया, बहकाते									
G1330,G1338,G1574,G2660,G3572,G4044,G4138	pierce, pierces, pierced, piercing				छेदना, बेधाता, बेधा, भेदता हुआ									
G5519	pig, pigs, pork, swine				सूअर, सूअरों, सूअर का माँस, सुअर									
G4769	column, columns, pillar, pillars				स्तंभ, लाटें, खम्भा, खम्भों									
G12,G999,G5421	pit, pits, pitfall, trenches				गड्ढा, गड्ढे, फंदों									
G3061,G3148,G4127	plague, plagues				मरी, विपत्तियों									
G1189,G1793,G2065,G3870	plea, pleas, plead, pleads, pleaded, pleading, pleadings				गिड़गिड़ाना, विनती, मुकद्दमा, वाद विवाद करना, गिड़गिड़ाकर, निवेदन करता, निवेदन									
G728	pledge, pledged, pledges				रेहन, का वचन दिया, प्रतिज्ञाओं									
G722,G723	plow, plows, plowed, plowing, plowers, plowman, plowmen, plowshares, unplowed				हल, हल चलाना, हल चलाया, हल जोतने, हलवाहों, जोतनेवाला, किसान,  हल की फाल, अजोत									
	pomegranate, pomegranates				अनार, अनारों									
G1139,G2192,G2697,G2722,G2932,G2933,G2935,G4047,G5224,G5564	possess, possesses, possessed, possessing, possession, possessions, dispossess, owned title				अधिकार में लेना, मोल लिया, कब्ज़ा था, अधिकार में रखना, अधिकार, सम्पति, निकाल देना									
G1229,G1256,G2097,G2605,G2782,G2783,G2784,G2980,G3853,G3955,G4283,G4296	praise, praises, praised, praising, praiseworthy				स्तुति, भजन, स्तुति की, स्तुति करते, बड़ाई की बात									
G1229,G1256,G2097,G2605,G2782,G2783,G2784,G2980,G3955,G4283,G4296	preach, preached, preaching, preacher				प्रचार करना, प्रचार किया, प्रचार, प्रचारक									
G927,G1784,G2472,G4185,G4186,G5092,G5093	precious, valuable, expensive, fine				अनमोल									
	prey, prey on				आहेर, आहेर करना									
G747,G758,G1413,G2232,G3175	prince, princes, princess, princesses, officials, high officials				राजकुमार, राजकुमारी, राजकुमारी, राजकुमारियां									
G1198,G1199,G1200,G1201,G1202,G1210,G2252,G3612,G4788,G4869,G5083,G5084,G5438,G5439	prison, prisoner, prisoners, prisons, imprison, imprisons, imprisoned, imprisonment, imprisonments				बन्दीगृह, बन्दी, बन्दी, बन्दीगृह, कैद में, कैद में, बन्दी बनाना, बन्दी बनना, बन्दी बनना									
G518,G591,G1229,G1861,G2097,G2605,G2782,G2784,G2980,G3142,G3853,G4135	proclaim				प्रचार करना, प्रचार करना, प्रचार, घोषणा, उद्घोषणा, उद्घोषणा									
G952,G953	profane, profaned, profaning				अशुद्ध करना, अपवित्र, अशुद्ध करना									
G147,G1281,G2585,G2770,G2771,G3408,G4297,G4298,G4851,G5539,G5622,G5623,G5624	profit, profits, profitable, unprofitable, useful, progress, benefit				लाभ, लाभ, लाभदायक									
G2137	prosper, prospered, prospering, prosperity, prosperous				समृद्ध होना, समृद्धि,  समृद्ध,  समृद्धि,  समृद्ध									
G4204	prostitute, prostituted, prostitutes, harlot, whored				वैश्या, वेश्यावृत्ति, व्यभिचारिणी, व्यभिचारिणी, व्यभिचारिणी, व्यभिचारिणी 									
G4098	prostrate, prostrated				दण्डवत् करना, दण्डवत् किया									
G212,G1391,G1392,G2744,G2745,G2746,G3173,G5187,G5229,G5243,G5244,G5308,G5309,G5426,G5450	proud, proudly, pride, prideful				घमण्ड, घमण्ड से, बड़ाई, घमण्ड भरी									
G3850,G3942	proverb, proverbs				नीतिवचन, नीतिवचन									
G1885	province, provinces, provincial				प्रांत, प्रांत, प्रादेशिक									
G653,G2042,G3863,G3893,G3947,G3948,G3949,G4292	provoke, provokes, provoked, provoking, provocation				भड़काना, भड़काना, भड़काना, भड़काना, भड़काना									
G4908,G5428	prudence, prudent, prudently													
G5229,G5448	puffed up, puffs up				फूल जाना, फूल जाना									
G1349,G1556,G1557,G2849,G3811,G5097	punish, punishes, punished, punishing, punishment, unpunished				दण्ड देना, दंडित करने, दंडित करने, दंडित करने, दंड, अदंडित									
G4209,G4210,G4211	purple				बैंगनी									
G683,G4261	push, pushed, pushing				धक्का देना, धक्का दिया, धक्का									
	qualify, qualified, disqualified				योग्य करना, योग्य, निकम्मा ठहरा									
G938	queen, queens				रानी, रानियाँ									
G762,G4570	quench, quenched, unquenchable				बुझाना, बुझेगी, नहीं बुझती									
G1693,G2830,G3710,G5433	rage, rages, raged, raging, enrage				क्रोध, क्रोधित, भड़का, क्रोध भड़काता									
G305,G386,G393,G450,G1096,G1326,G1453,G1525,G1817,G1825,G1892,G1999,G4891,	raise, raises, raised, rise, risen, arise, arose, got up, stir up, stirring up, stirred up				खड़ा करना, उठाना, उठाया, खड़ा होना, उठना, उठा, उठा था									
G270,G2325,G2327	reap, reaps, reaped, reaper, reapers, reaping				लवनी, लवनेवाला, काटा, लवनेवाले, लवनेवालों, लवती									
G3893,G4955	rebel, rebels, rebelled, rebelling, rebellion, rebellious, rebelliousness				बलवा , बलवा, बलवा किया, विद्रोह, विद्रोह, बलवाई, विद्रोह शीलता									
G298,G299,G1649,G1651,G1969,G2008,G3679	rebuke, rebukes, rebuked				झिड़कना, घुड़कने, डांटा									
G308,G324,G353,G354,G568,G588,G618,G1183,G1209,G1523,G1653,G1926,G2210,G2865,G2983,G3028,G3335,G3336,G3549,G3858,G3880,G3970,G4327,G4355,G4356,G4687,G4732,G5264,G5274,G5562	receive, receives, received, receiving, receiver, welcome, welcomed, taken up, acceptance													
G2063,G2563	reed, reeds				नरकट, कांसे									
	refuge, refugee, refugees, shelter, shelters, sheltered, sheltering				शरण, शरणार्थी, शरणार्थियों, मण्डप, मण्डपों, आड़, आड़ देना									
G757,G936,G2231,G4821	reign, reigns, reigned, reigning				राज करना, राज्य करता है, राज्य करता, राज्य कर रहा है									
G96,G114,G483,G550,G579,G580,G593,G683,G720,G1609,G3868	reject, rejects, rejected, rejecting, rejection				परित्याग, परित्याग, परित्याग, परित्याग, परित्याग									
G21,G2165,G2620,G2744,G2745,G4796,G4913,G5463	rejoice				आनन्द, आनन्द मनाना, आनन्दित हुआ, आनन्द करें									
	renown, renowned, famous				कीर्ति, कीर्तिमान									
G189,G191,G312,G518,G987,G1225,G1310,G1426,G1834,G2036,G2162,G2163,G3004,G3056,G3140,G3141,G3377	report, reports, reported, reputation				समाचार, समाचारों, समाचार दिया									
G410,G423,G819,G3059,G3679,G3680,G3681,G5195,G5196,G5484	reproach, reproaches, reproached, reproaching, reproachfully, insult, insults, insulted				निन्दा, अपमान, निन्दा, निन्दा, नामधराई									
G372,G373,G425,G1515,G1879,G1954,G1981,G2270,G2663,G2664,G2681,G2838,G3062,G4520	rest, rests, rested, resting, restless, relief				विश्राम करना, विश्राम, विश्राम किया, विश्राम, विश्राम रहित									
G344,G360,G390,G1877,G1880,G1994,G5290	return, returns, returned, returning, turning back, return back				लौट आना, लौट आना, लौटकर, लौट रहे									
G127,G1788,G2125,G2412,G5399,G5401	revere, revered, reverence, reverences, reverent, respect				श्रद्धा, भय माना, भय मानकर, सम्मानों, भक्तियुक्त									
G469,G514,G591,G2603,G3405,G3406,G3408	reward, rewards, rewarded, rewarding, rewarder, prize, deserve, future, payment, wages				प्रतिफल, प्रतिफल, प्रतिफल देना, पुरस्कृत, प्रतिफल देने बाला									
G1746,G2066,G2067,G2440,G4749,G4016,G5511	robe, robes, robed				चोगा, वस्त्र, चोगा पहनाना									
G2563,G4463,G4464	rod, rods				लाठी, छड़ें									
G933,G934,G937	royal, royalty, kings				राजकीय, राजसी गौरव									
G2679,G2692,G3639,G4485	ruin, ruins, ruined				नष्ट करना, नष्ट करना, बर्बाद									
G746,G752,G755,G757,G758,G932,G936,G1018,G1203,G1299,G1778,G1785,G1849,G2232,G2233,G2525,G2583,G2888,G2961,G3545,G3841,G4165,G4173,G4291	rule, rules, ruled, ruler, rulers, ruling, rulings, overrules, overruled				शासन, नियम, शासित, शासक, शासकों, निर्णयों, फैसलों, अतिरंजित									
G413,G1377,G1601,G1530,G1532,G1632,G1998,G2027,G2701,G3729,G4063,G4370,G4390,G4890,G4936,G5143,G5240,G5295,G5302,G5343	run, runs, ran, runner, runners, running, rushed, quickly went, spilling over, be spilled, flows, leap, climb, moving swiftly, flow				दौड़ना, दौड़ना, दौड़ना, दौड़ना, दौड़ना									
G4526	sackcloth				टाट									
G2413	sacred				पवित्र									
G266,G334,G1049,G1435,G1494,G2378,G2380,G3646,G4376,G5485	sacrifice, sacrifices, sacrificed, sacrificing, offering, offerings				बलिदान करना, बलि, बलिदान किये, बलिदान करना, भेंट, भेंट की वस्तुओं									
G4547,G5266	sandal, sandals				जूता, जूतियां									
G4464	scepter, scepters				राजदण्ड, राजदण्डों									
G974,G975	scroll, scrolls				पुस्तक, दस्तावेज़ों									
	seacow				मेढ़ों और समुद्री गाय									
G2696,G4972,G4973	seal, seals, sealed, sealing, unsealed				मुहर, मुहर, मुहर लगाना, खुली									
G4615,G4687,G4690,G4701,G4703	seed, semen				बीज, वीर्य									
G327,G1567,G1934,G2052,G2212	seek, seeks, seeking, sought, look for, searches for, seek advice				ढूँढ़े, ढूँढ़ते हैं, खोजना, मांगा									
G724,G1949,G2638,G2902,G2983,G4815,G4884	seize, seizes, seized, seizure				बन्दी बनाना, बन्दी, जब्त, कब्जा									
	selah				सेला									
G192,G193,G1466,G1467,G1468,G4997	self-control, self-controlled, controlled self				संयम, संयम, आत्म नियंत्रित,									
G782,G375,G630,G649,G652,G657,G1026,G1032,G1544,G1599,G1821,G3333,G3343,G3936,G3992,G4311,G4341,G4369,G4842,G4882	send, sends, sent, sending, send out, sends out, sent out, sending out				भेजना, भेजा जाता, भेजा गया, भेजा जाना, बाहर भेजना, बाहर भेजना, बाहर भेजा गया, बाहर भेजा जाना									
G2191,G2062,G3789	serpent, serpents, snake, snakes, viper, vipers, reptile				सर्प, साँपों, साँप, साँप, साँप, साँपों									
G1249,G1401,G1402,G2324,G3407,G3411,G3610,G3816,G4983,G5257	servant, servants, hired servant, hired servants, female servant, female servants, servant girl, servant girls, slave, slaves, slave girl, slaved, slavery, maidservants, serve, serves, served, serving, service, services, eyeservice				सेवा करना, दास बनाना, दास बना दिया, सेवक, सेवकों, दास, दासों, सेवा करना, दासत्व, दासी									
G1247,G1248,G1398,G1402,G1438,G1983,G2064,G2212,G2323,G2999,G3000,G3009,G4337,G4342,G4754,G5087,G5256	serve				सेवा करना, सेवा करना, सेवा किया, सेवा कर रहा है, सेवा, सेवा, मजबूर होकर काम									
G1097	had relations with, lovemaking, sleep with, sleeps with, slept with, sleeping with				के साथ संबंध थे, प्यार में रत होना, साथ सोना, साथ सोता है, के साथ सोया, के साथ सोना									
G644,G1982,G2683,G4639	shadow, shadows, overshadow, overshadowed, shade				छाया, छाया, आच्छादन, आच्छादन									
G127,G149,G152,G153,G422,G808,G818,G819,G821,G1788,G1791,G1870,G2617,G3856,G5195	shame, shames, shamed, shameful, shamefully, shameless, shamelessly, ashamed, unashamed, causing to mock				नामधराई, लज्जा, शर्म, शर्मपूर्ण, शर्मपूर्णता से, शर्महीनता, शर्महीनता से,लज्जित, लज्जित नहीं									
G4165,G4262,G4263	ewe, ewes, ram, rams, sheep, sheepfold, sheepfolds, sheepshearers, sheepskins				भेड़, भेड़ें, मेंढ़ा, मेंढ़ा, भेड़, भेड़शाला, भेड़शाला, भेड़-बकरी, भेड़-काज									
G750,G4165,G4166	shepherd, shepherds, shepherded, shepherding, chief shepherd				चरवाहे, चरवाहा, चरवाहा, चरवाही									
G2375	shield, shields, shielded				ढाल, ढाल, ढाल									
G5429	shrewd, shrewdly				धूर्त , चतुरता									
	siege, besiege, besieged, besiegers, besieging, siegeworks				घेर, घेर लेना, घेर लिया, घेर करनेवाला, घेर लेना, मोर्चा बांधना									
G693,G694,G695,G696,G1406	silver				चाँदी									
	sin offering, sin offerings				पापबलि, पापबलि									
G27,G79	sister, sisters				बहन, बहनों									
G337,G615,G1315,G2380,G2695,G4968,G4969,G5407	skull				खोपड़ी									
G337,G615,G1315,G2380,G2695,G4968,G4969,G5407	slay, slain, kill, killed, murder, murdered, murders				घात करना, घात किए गए									
G987,G988,G1228,G1426,G2636,G2637,G3059,G3060,G6022	slander, slanders, slandered, slanderers, slandering, slanderous				बदनामी, बदनामी, बदनाम, निंदक, निंदा, नृशंस									
G2871,G4967,G4969,G5408	slaughter, slaughters, slaughtered, slaughtering				वध करना, वध करना, वध करना, वध करना									
G879,G1852,G1853,G2518,G2837,G5258	asleep, fall asleep, fell asleep, fallen asleep, sleep, sleeps, slept, sleeping, sleeper, sleepless, sleepy				नींद, सो जाना, सो गए थे, सोना, सोना, “उसे नींद आ गई”, सोना, सोना, नींद ना आना, नींद									
G64,G1029,G2339,G2340,G3802,G3803,G3985,G4625	snare, snares, ensnare, ensnares, ensnared, entrap, trap, traps, trapped				फंदा, फंदे, फंसाना, फंसाना, फँसना, फंसाना, जाल, जालें, फंस गए									
G5510	snow, snowed, snowing				हिम, हिम पड़ा, बर्फ गिरने के समय									
G3095,G3096,G3097,G5331,G5332,G5333	sorcerer, sorcerers, sorceress, sorcery, sorceries, witchcraft, someone who talked with the dead				जादूगर, जादूगर, जादूगर, जादूगर, जादूगर, जादू टोना									
G4687,G4703,G5300,G5452,G6037	plant, plants, planted, planting, implanted, replanted, transplanted, sow, sows, sowed, sown, sowing				पौधे, पौधे, लगाए गए, रोपण, प्रत्यारोपित, पुनर्नामित, प्रत्यारोपित, बोना, बोआ, बोया, बोया, बुवाई									
G3057	spear, spears, spearmen				भाला, भाले, भाला धारण करनेवाला सिपाही									
	splendor, splendid				वैभव									
G2563,G3586,G4464	staff, staffs, clubs				लाठी, लाठी									
	statute, statutes				विधि, विधियां									
G483,G4644,G4645	stiff-necked, stubborn, stubbornly, stubbornness				हठीले, हठीला, कठोर होकर, कठोरता									
G596	storehouse, storehouses				भण्डार, भण्डार									
G461,G772,G950,G1411,G1412,G1743,G1765,G1840,G1849,G1991,G2479,G2480,G2901,G2904,G3619,G3756,G4599,G4732,G4733,G4741	strength, strengthen, strengthens, strengthened, strengthening, strong, valor, influence				बल, बलवन्त करना, दृढ़ किया, मजबूत, हियाव बाँधा									
G485,G2052,G2054,G3055,G3163,G5379	strife, disputes, quarrel, arguing, conflict, conflicts				कलह									
G4608	strong drink, strong drinks				दाखमधु, दाखमधु									
G3794	stronghold, strongholds, fortifications, fortified, fortress, fortresses				गढ़, गढ़ों, मजबूत गढ़, दृढ़, मजबूत गढ़, गढ़ों									
G679,G4348,G4350,G4417,G4624,G4625	stumble, stumbles, stumbled, stumbling, reeling				ठोकर, ठोकर खाए,  ठोकर खाया,  ठोकर खाता									
G3037,G4349,G4625	stumbling block, stumbling blocks, stone of stumbling				ठोकर, ठोकर का कारण, ठोकर के कारण, ठोकर का पत्थर									
G350,G1379,G1396,G1777,G3663,G5292,G5293	subject, subjects, subjected, subject to, be subject to, subjection, be subjected, are subjected, was subjected, were subjected, in subjection to, subdue, forced to become slaves				अधीन, अधीन, अधीन, अधीन, अधीन, अधीनता, अधीन, अधीन, अधीन था, अधीन थे, अधीन									
G5226,G5293	submit, submits, submitted, submitting, submission, in submission				अधीन होना, अधीन रहना, अधीन हुआ, अधीन रहना, अधीनता,अधीनता में									
G91,G941,G971,G2210,G2346,G2347,G3804,G3958,G4310,G4778,G4841,G5004,G5723	suffer, suffers, suffered, suffering, sufferings				दुःख उठाए, दुःख उठाना, दुःख उठाया, दुःख उठता, दुःख उठाता									
G2303	sulfur, sulfurous				गन्धक, गन्धक									
G4216,G4563,G4951	sweep, sweeps, swept, sweeping, pursued				झाड़ना, उड़ा ले जाना, झाड़ा-बुहारा, झाड़न									
G3162,G4501	sword, swords, swordsmen				तलवार, तलवारें, तलवार रखनेवाले									
G583,G5411	tax, taxes, taxed, taxing, taxation, taxpayers, tax collector, tax collectors				कर, करों, कर लगाया, कर लगाना, करदाताओं									
G5057,G5058	taxcollector				चुंगी लेनेवाला, चुंगी लेनेवालों									
G1317,G1321,G1322,G2085,G2605,G2727,G3100,G2312,G2567,G3811,G4994	teach, teaches, taught, teaching, teachings, untaught				सिखाना, सिखाता है, पढ़ाया गया, शिक्षा, शिक्षायें, अशिक्षित									
G1320,G2567,G3547,G5572	teacher, teachers, Teacher				गुरु, गुरूओं, उपदेशक									
	Ten Commandments				दस आज्ञाएँ									
	tent, tents, tentmakers				तम्बू, तम्बूओं, तम्बू बनाने वाला									
G586,G1181,G1183	tenth, tenths, tithe, tithes				दशमांश, दसवें अंश, दशमांश, दसवां									
	tent of meeting				मिलापवाला तम्बू									
G1629,G1630,G2258,G4422,G4426,G5401	terror, terrorize, terrorized, terrors, terrify, terrified, terrifying, frightened, panic, terrifying events				डर, डराएँगे, दहशत, भयंकर, डराएँ, घबरा गए, भयानक									
G727,G1888,G2417,G2812,G3027	thief, thieves, rob, robs, robbed, robber, robbers, robbery, robbing, bandits, violent				चोर, चोर, लूटने, लूटने, लूटने, डाकू, लुटेरे, डकैती, लूट									
G173,G174,G4647,G5146	thorn, thornbush, thornbushes, thorns, thistle, thistles				कटीले, झड़बेरी, झाड़ियों, काँटों, झाड़ी, ऊँटकटारे									
G248	thresh, threshes, threshed, threshing				दाँवना, दाँवना, दाएँ हुए, दाँवने									
	threshold, thresholds				डेवढ़ी, डेवढ़ियों									
G968,G2362	throne, thrones, enthroned				सिंहासन, सिंहासनों, विराजमान									
G744,G530,G1074,G1208,G1441,G1597,G1626,G1909,G2034,G2119,G2121,G2235,G2250,G2540,G3379,G3461,G3568,G3763,G3764,G3819,G3956,G3999,G4178,G4181,G4183,G4218,G4277,G4287,G4340,G4455,G5119,G5151,G5305,G5550,G5551,G5610	time, timely, times, untimely, date				समय, समयानुकूल, समय, असाधारण									
G86,G2750,G3418,G3419,G5028	grave, gravediggers, graves, tomb, tombs, burial place				कब्र, मिट्टी देनेवाले, कब्रें, कब्र, कब्रों, कब्रिस्तान									
G1100,G1258,G1447,G2084	tongue, tongues, language				जीभ, जीभों									
G928,G929,G930,G931,G2558,G2851,G3600	torment, tormented, tormenting, tormentors, agony, torturers				दुःख देने, सताया, अंधेर करना, दुःख देनेवालों									
G3862, G3970	tradition, traditions				परम्परा, परम्पराओं									
G2662,G3961	trample, tramples, trampled, trampling				रौंदे, रौंदेगा, रौंदा, रौंदना									
G1611	trance				बेसुध होकर									
G1719,G1790,G5141,G5156,G5425	tremble, trembles, trembled, trembling, staggering				कांपना, काँप उठना, काँपकर, थरथराते हुए									
G178,G1382,G1383,G2919,G3984,G3986,G4451	trial, trials, proving				परीक्षा, दुःख									
G1429,G5443	tribe, tribes, tribal, tribesmen				गोत्र, गोत्रों, गोत्रों, भाइयों									
G2346,G2347	tribulation, distresses				क्लेश									
G1323,G2778,G5411	tribute, contribution, fined				tribute									
G387,G1298,G1613,G1776,G2346,G2347,G2350,G2360,G2553,G2873,G3636,G3926,G3930,G3986,G4423,G4660,G5015,G5016,G5182	trouble, troubles, troubled, troubling, troublemaker, troublesome, disturbing, upset, shaken, hardship				दुःख, क्लेश, परेशान होना, सताना, सतानेवाले, उपद्रवी									
G4536,G4537,G4538	trumpet, trumpets, trumpeters				तुरही, तुरहियां, तुरही फूँकनेवालों									
G5509	tunic, tunics				कुर्ता, अंगरखों									
G344,G387,G402,G576,G654,G665,G868,G1294,G1578,G1612,G1624,G1994,G2827,G3179,G3313,G3329,G3344,G3346,G4762,G5077,G5157,G5290,G6060	turn, turns, turn away, turns away, turn back, turns back, turned, turned away, turned back, turning, turning away, direct				मुड़, मुड़ता, लौटना, पीछे मुड़ता है, वापस मुड़ता है, वापस मुड़ना, वापस मुड़ा, मुड़ जाना, वापस मुड़ा,मोड़, मुड़ कर दूर जा रहा है, लौटता है, वापस लौटाया, वापस लौट रहा है, वापस लौट जाता है									
G50,G145,G191,G801,G1097,G1107,G1108,G1271,G1921,G1922,G1987,G1990,G2657,G3129,G3539,G3563,G3877,G4441,G4907,G4908,G4920,G5424,G5428,G5429,G6063	understand, understands, understood, understanding, thinking				समझना, समझता है, समझ लिया, समझ									
G255,G512,G888,G889,G890	unprofitable				निष्फल									
G945,G1432,G1500,G2755,G2756,G2757,G2758,G2761,G3150,G3151,G3152,G3153,G3154,G3155	vain, vanity, futile, empty, useless, meaningless				व्यर्थ, अनर्थ									
G2665	veil, veils, veiled, unveiled				परदा, घूँघटों, परदा पड़ा, उघाड़े									
G288,G290,G1009,G1092	vine, vines				दाखलता, दाखलताओं									
G289,G290	vineyard, vineyards				दाख की बारी, दाख की बारियों									
G3932,G3933	virgin, virgins, virginity				कुँवारी, कुमारियों, कुँवारीपन									
G3701,G3705,G3706	vision, visions, envision				दर्शन, दर्शनों, दर्शन									
G2906,G5456,G5586	voice, voices				शब्द, स्वर									
G1330,G1704,G3716,G4043,G4198,G4748	walk, walks, walked, walking				चले, चलता, चला, चलता									
,G4686,G4753,G4754,G4757,G4758,G4961	soldier, soldiers, warrior, warriors, army				सैनिक, सिपाहियों, योद्धा, शूरवीरों									
G684,G1287,G2049,G2673,G4199	waste, wastes, wasted, wasting, wasteland, wastelands, becomes weak, devastates				सत्यानाश, नाश, नाश हो गया, नाश कर, उजाड़, खण्डहरों									
G69,G70,G991,G1127,G1492,G2334,G2892,G3525,G3708,G3906,G4337,G4648,G5083,G5438	watch, watches, watched, watching, watchman, watchmen, watchful, take heed, beware, watch out, guard				चौकस, ताकता, देखा, देख रहा था, द्वारपाल, पहरुओं, जागते रहो									
G4444	watchtower, watchtowers, tower				गुम्मट, पहरे की मिनारों, गुम्मट									
G504,G4215,G4222,G5202,G5204	water, waters, watered, watering				पानी, जल, पानी पिलाया, पानी देना									
G4077,G5421	cistern, cisterns, well, wells				गड्ढे, कुएँ, कुआँ, कुओं									
G4621	wheat				गेहूँ									
G1098,G3631,G3820,G3943	wine, wines, wineskin, wineskins, new wine				दाखरस, कुण्ड, कुण्डों, दाखरस, मशक, मशकों, नई दाखरस									
G3025,G5276	winepress				दाखरस के कुण्ड									
G4425,G4617	winnow, winnows, winnowed, winnowing, sift, sifting				फटकना, फटकता, फटका, फटकेगा, फटके, छानना									
G4680	wise men				बुद्धिमानों									
G3074	wolf, wolves, wild dogs				भेड़िया, भेड़िए, जंगली कुत्ते									
G1064,G2836,G3388	womb, wombs				गर्भ									
G518,G1024,G3050,G3054,G3055,G3056,G4086,G4487,G4935,G5023,G5542	word, words, speech				वचन, शब्द									
G1125	it is written				लिखा गया									
G91,G92,G93,G95,G264,G824,G983,G984,G1536,G1626,G1651,G1727,G1908,G2556,G2558,G2559,G2607,G3076,G3077,G3762,G4122,G5195,G5196	wrong, wrongs, wronged, wrongly, wrongfully, wrongdoer, wrongdoing, mistreat, mistreated, hurt, hurts, hurting, hurtful, injury, harm, harmful				गलत, गलतियाँ, गलत करना, गलत तरीके से, गलत तरीके से, गलत करनेवाले, गलत, दुर्व्यवहार, दुर्व्यवहार, सताया हुआ, दर्द, चोट पहुँचाना, दर्दनाक									
G106,G2219,G2220	yeast, leaven, leavens, leavened, unleavened				ख़मीर, ख़मीरी, ख़मीर, ख़मीर बनाना, अख़मीरी									
G2086,G2201,G2218,G4805	yoke, yokes, yoked				जूआ, जूए, जूए में									
